,country,name_genre,total listeners,country_code,latitude,longitude
0,AFGHANISTAN,rock,58149382,AF,33.93911,67.709953
1,AFGHANISTAN,electronic,18061603,AF,33.93911,67.709953
2,AFGHANISTAN,pop,14996276,AF,33.93911,67.709953
3,AFGHANISTAN,alternative,14078259,AF,33.93911,67.709953
4,AFGHANISTAN,blues,6579549,AF,33.93911,67.709953
5,ALBANIA,rock,54034789,AL,41.153332,20.168331
6,ALBANIA,alternative,28923220,AL,41.153332,20.168331
7,ALBANIA,electronic,17864364,AL,41.153332,20.168331
8,ALBANIA,rap,17237290,AL,41.153332,20.168331
9,ALBANIA,pop,13717456,AL,41.153332,20.168331
10,ALGERIA,rock,62477645,DZ,28.033886,1.6596259999999998
11,ALGERIA,alternative,22239604,DZ,28.033886,1.6596259999999998
12,ALGERIA,electronic,19759004,DZ,28.033886,1.6596259999999998
13,ALGERIA,rap,18006082,DZ,28.033886,1.6596259999999998
14,ALGERIA,pop,17049846,DZ,28.033886,1.6596259999999998
15,AMERICAN SAMOA,rock,46194568,AS,-14.270972,-170.132217
16,AMERICAN SAMOA,alternative,22301945,AS,-14.270972,-170.132217
17,AMERICAN SAMOA,rap,22227359,AS,-14.270972,-170.132217
18,AMERICAN SAMOA,electronic,14803768,AS,-14.270972,-170.132217
19,AMERICAN SAMOA,pop,12420177,AS,-14.270972,-170.132217
20,ANDORRA,rock,61882675,AD,42.546245,1.6015540000000001
21,ANDORRA,alternative,33624696,AD,42.546245,1.6015540000000001
22,ANDORRA,electronic,17752307,AD,42.546245,1.6015540000000001
23,ANDORRA,pop,12404976,AD,42.546245,1.6015540000000001
24,ANDORRA,funk,4935007,AD,42.546245,1.6015540000000001
25,ANGOLA,rock,38013136,AO,-11.202691999999999,17.873887
26,ANGOLA,pop,34961199,AO,-11.202691999999999,17.873887
27,ANGOLA,rap,24507356,AO,-11.202691999999999,17.873887
28,ANGOLA,electronic,18439054,AO,-11.202691999999999,17.873887
29,ANGOLA,folk,11342781,AO,-11.202691999999999,17.873887
30,ANGUILLA,rock,25540351,AI,18.220554,-63.068615
31,ANGUILLA,rap,24065010,AI,18.220554,-63.068615
32,ANGUILLA,pop,22146854,AI,18.220554,-63.068615
33,ANGUILLA,electronic,9583336,AI,18.220554,-63.068615
34,ANGUILLA,r&b,7802345,AI,18.220554,-63.068615
35,ANTIGUA AND BARBUDA,rock,30701816,AG,17.060816,-61.796428000000006
36,ANTIGUA AND BARBUDA,rap,30216742,AG,17.060816,-61.796428000000006
37,ANTIGUA AND BARBUDA,pop,24589156,AG,17.060816,-61.796428000000006
38,ANTIGUA AND BARBUDA,electronic,16370560,AG,17.060816,-61.796428000000006
39,ANTIGUA AND BARBUDA,r&b,12161678,AG,17.060816,-61.796428000000006
40,ARGENTINA,rock,68393902,AR,-38.416097,-63.616671999999994
41,ARGENTINA,alternative,39014159,AR,-38.416097,-63.616671999999994
42,ARGENTINA,pop,17056239,AR,-38.416097,-63.616671999999994
43,ARGENTINA,electronic,12648793,AR,-38.416097,-63.616671999999994
44,ARGENTINA,blues,6578912,AR,-38.416097,-63.616671999999994
45,ARMENIA,rock,64682956,AM,40.069099,45.038189
46,ARMENIA,alternative,27282880,AM,40.069099,45.038189
47,ARMENIA,pop,20549458,AM,40.069099,45.038189
48,ARMENIA,electronic,14734199,AM,40.069099,45.038189
49,ARMENIA,rap,9954863,AM,40.069099,45.038189
50,ARUBA,rock,27182658,AW,12.52111,-69.968338
51,ARUBA,pop,23113225,AW,12.52111,-69.968338
52,ARUBA,rap,22735495,AW,12.52111,-69.968338
53,ARUBA,electronic,16380155,AW,12.52111,-69.968338
54,ARUBA,r&b,15932378,AW,12.52111,-69.968338
55,AUSTRALIA,rock,54547004,AU,-25.274398,133.775136
56,AUSTRALIA,alternative,25661955,AU,-25.274398,133.775136
57,AUSTRALIA,pop,20844920,AU,-25.274398,133.775136
58,AUSTRALIA,rap,19356928,AU,-25.274398,133.775136
59,AUSTRALIA,electronic,13500321,AU,-25.274398,133.775136
60,AUSTRIA,rock,83267921,AT,47.516231,14.550072
61,AUSTRIA,pop,26692664,AT,47.516231,14.550072
62,AUSTRIA,alternative,24410203,AT,47.516231,14.550072
63,AUSTRIA,electronic,12022566,AT,47.516231,14.550072
64,AUSTRIA,blues,6579549,AT,47.516231,14.550072
65,AZERBAIJAN,rock,60217469,AZ,40.143105,47.576927000000005
66,AZERBAIJAN,alternative,28330587,AZ,40.143105,47.576927000000005
67,AZERBAIJAN,electronic,20298177,AZ,40.143105,47.576927000000005
68,AZERBAIJAN,pop,19943771,AZ,40.143105,47.576927000000005
69,AZERBAIJAN,blues,6579549,AZ,40.143105,47.576927000000005
70,BAHAMAS,rap,32281406,BS,25.03428,-77.39628
71,BAHAMAS,rock,26869345,BS,25.03428,-77.39628
72,BAHAMAS,pop,20579781,BS,25.03428,-77.39628
73,BAHAMAS,electronic,14127559,BS,25.03428,-77.39628
74,BAHAMAS,alternative,9957339,BS,25.03428,-77.39628
75,BAHRAIN,rock,48778374,BH,25.930414000000003,50.637772
76,BAHRAIN,alternative,29935185,BH,25.930414000000003,50.637772
77,BAHRAIN,pop,26106363,BH,25.930414000000003,50.637772
78,BAHRAIN,rap,18006082,BH,25.930414000000003,50.637772
79,BAHRAIN,electronic,15316978,BH,25.930414000000003,50.637772
80,BANGLADESH,rock,65188948,BD,23.684994,90.35633100000001
81,BANGLADESH,alternative,25959486,BD,23.684994,90.35633100000001
82,BANGLADESH,pop,23381964,BD,23.684994,90.35633100000001
83,BANGLADESH,electronic,13477391,BD,23.684994,90.35633100000001
84,BANGLADESH,rap,7176894,BD,23.684994,90.35633100000001
85,BARBADOS,rap,39201010,BB,13.193887,-59.543198
86,BARBADOS,rock,22522130,BB,13.193887,-59.543198
87,BARBADOS,pop,20777932,BB,13.193887,-59.543198
88,BARBADOS,electronic,16480587,BB,13.193887,-59.543198
89,BARBADOS,folk,11043190,BB,13.193887,-59.543198
90,BELARUS,rock,67887354,BY,53.709807,27.953389
91,BELARUS,alternative,25784823,BY,53.709807,27.953389
92,BELARUS,pop,20702948,BY,53.709807,27.953389
93,BELARUS,electronic,16883462,BY,53.709807,27.953389
94,BELARUS,blues,6579549,BY,53.709807,27.953389
95,BELGIUM,rock,73309993,BE,50.503887,4.469936
96,BELGIUM,alternative,19638863,BE,50.503887,4.469936
97,BELGIUM,electronic,16259036,BE,50.503887,4.469936
98,BELGIUM,pop,15623405,BE,50.503887,4.469936
99,BELGIUM,blues,6578220,BE,50.503887,4.469936
100,BELIZE,rock,58838859,BZ,17.189877,-88.49765
101,BELIZE,alternative,27193353,BZ,17.189877,-88.49765
102,BELIZE,pop,17058108,BZ,17.189877,-88.49765
103,BELIZE,electronic,15934429,BZ,17.189877,-88.49765
104,BELIZE,r&b,12917478,BZ,17.189877,-88.49765
105,BENIN,rock,22998092,BJ,9.30769,2.315834
106,BENIN,pop,17947358,BJ,9.30769,2.315834
107,BENIN,blues,8440342,BJ,9.30769,2.315834
108,BENIN,r&b,7575784,BJ,9.30769,2.315834
109,BENIN,folk,7037613,BJ,9.30769,2.315834
110,BERMUDA,rock,33561794,BM,32.321384,-64.75737
111,BERMUDA,pop,19144119,BM,32.321384,-64.75737
112,BERMUDA,electronic,17047343,BM,32.321384,-64.75737
113,BERMUDA,r&b,13078791,BM,32.321384,-64.75737
114,BERMUDA,rap,12248500,BM,32.321384,-64.75737
115,BHUTAN,rock,24672595,BT,27.514162,90.433601
116,BHUTAN,electronic,21703490,BT,27.514162,90.433601
117,BHUTAN,alternative,10608599,BT,27.514162,90.433601
118,BHUTAN,pop,10587723,BT,27.514162,90.433601
119,BHUTAN,irish folk,3717206,BT,27.514162,90.433601
120,BOSNIA AND HERZEGOVINA,rock,60782100,BA,43.915886,17.679076000000002
121,BOSNIA AND HERZEGOVINA,alternative,25901926,BA,43.915886,17.679076000000002
122,BOSNIA AND HERZEGOVINA,pop,20592420,BA,43.915886,17.679076000000002
123,BOSNIA AND HERZEGOVINA,electronic,18148914,BA,43.915886,17.679076000000002
124,BOSNIA AND HERZEGOVINA,rap,16159274,BA,43.915886,17.679076000000002
125,BOTSWANA,rock,37621533,BW,-22.328474,24.684866
126,BOTSWANA,pop,24993436,BW,-22.328474,24.684866
127,BOTSWANA,folk,14066239,BW,-22.328474,24.684866
128,BOTSWANA,rap,10407519,BW,-22.328474,24.684866
129,BOTSWANA,alternative,9956640,BW,-22.328474,24.684866
130,BRAZIL,rock,56128837,BR,-14.235004,-51.92528
131,BRAZIL,alternative,29801753,BR,-14.235004,-51.92528
132,BRAZIL,pop,20515946,BR,-14.235004,-51.92528
133,BRAZIL,electronic,17637713,BR,-14.235004,-51.92528
134,BRAZIL,rap,14294933,BR,-14.235004,-51.92528
135,BRUNEI DARUSSALAM,rock,39867844,BN,4.535277,114.72766899999999
136,BRUNEI DARUSSALAM,rap,24066255,BN,4.535277,114.72766899999999
137,BRUNEI DARUSSALAM,alternative,23207012,BN,4.535277,114.72766899999999
138,BRUNEI DARUSSALAM,pop,20970077,BN,4.535277,114.72766899999999
139,BRUNEI DARUSSALAM,electronic,10351750,BN,4.535277,114.72766899999999
140,BULGARIA,rock,71963507,BG,42.733883,25.48583
141,BULGARIA,alternative,35262583,BG,42.733883,25.48583
142,BULGARIA,pop,26693022,BG,42.733883,25.48583
143,BULGARIA,electronic,10594740,BG,42.733883,25.48583
144,BULGARIA,blues,6578912,BG,42.733883,25.48583
145,BURKINA FASO,rock,65754909,BF,12.238333,-1.561593
146,BURKINA FASO,alternative,29346857,BF,12.238333,-1.561593
147,BURKINA FASO,pop,16281769,BF,12.238333,-1.561593
148,BURKINA FASO,rap,15885333,BF,12.238333,-1.561593
149,BURKINA FASO,electronic,9893628,BF,12.238333,-1.561593
150,BURUNDI,rock,80800178,BI,-3.3730559999999996,29.918885999999997
151,BURUNDI,alternative,21044049,BI,-3.3730559999999996,29.918885999999997
152,BURUNDI,pop,14997233,BI,-3.3730559999999996,29.918885999999997
153,BURUNDI,electronic,14550723,BI,-3.3730559999999996,29.918885999999997
154,BURUNDI,funk,4935007,BI,-3.3730559999999996,29.918885999999997
155,CAMBODIA,rock,46859963,KH,12.565679,104.990963
156,CAMBODIA,electronic,21079226,KH,12.565679,104.990963
157,CAMBODIA,rap,15885042,KH,12.565679,104.990963
158,CAMBODIA,pop,15537664,KH,12.565679,104.990963
159,CAMBODIA,alternative,12043213,KH,12.565679,104.990963
160,CAMEROON,rap,30447672,CM,7.369722,12.354722
161,CAMEROON,rock,26589852,CM,7.369722,12.354722
162,CAMEROON,pop,18031647,CM,7.369722,12.354722
163,CAMEROON,alternative,15853823,CM,7.369722,12.354722
164,CAMEROON,r&b,11217611,CM,7.369722,12.354722
165,CANADA,rock,59915303,CA,56.130366,-106.34677099999999
166,CANADA,pop,26615236,CA,56.130366,-106.34677099999999
167,CANADA,alternative,22073101,CA,56.130366,-106.34677099999999
168,CANADA,rap,18006082,CA,56.130366,-106.34677099999999
169,CANADA,electronic,12909319,CA,56.130366,-106.34677099999999
170,CAYMAN ISLANDS,rock,58763688,KY,19.513469,-80.566956
171,CAYMAN ISLANDS,alternative,27504313,KY,19.513469,-80.566956
172,CAYMAN ISLANDS,pop,20216084,KY,19.513469,-80.566956
173,CAYMAN ISLANDS,electronic,14203830,KY,19.513469,-80.566956
174,CAYMAN ISLANDS,rap,12337136,KY,19.513469,-80.566956
175,CHAD,rock,44645929,TD,15.454166,18.732207
176,CHAD,electronic,15731110,TD,15.454166,18.732207
177,CHAD,alternative,6972136,TD,15.454166,18.732207
178,CHAD,pop,4682018,TD,15.454166,18.732207
179,CHAD,icelandic,2368334,TD,15.454166,18.732207
180,CHILE,rock,67945239,CL,-35.675146999999996,-71.542969
181,CHILE,alternative,35098161,CL,-35.675146999999996,-71.542969
182,CHILE,electronic,14174771,CL,-35.675146999999996,-71.542969
183,CHILE,pop,10896183,CL,-35.675146999999996,-71.542969
184,CHILE,blues,6578912,CL,-35.675146999999996,-71.542969
185,CHINA,rock,33754078,CN,35.86166,104.195397
186,CHINA,pop,31239139,CN,35.86166,104.195397
187,CHINA,rap,19191138,CN,35.86166,104.195397
188,CHINA,electronic,16634513,CN,35.86166,104.195397
189,CHINA,folk,11229163,CN,35.86166,104.195397
190,COLOMBIA,rock,71140438,CO,4.570868,-74.297333
191,COLOMBIA,alternative,34189010,CO,4.570868,-74.297333
192,COLOMBIA,pop,19067783,CO,4.570868,-74.297333
193,COLOMBIA,electronic,10760056,CO,4.570868,-74.297333
194,COLOMBIA,blues,6578912,CO,4.570868,-74.297333
195,CONGO,rock,31106720,CD,-4.038333000000001,21.758664000000003
196,CONGO,rap,22194579,CD,-4.038333000000001,21.758664000000003
197,CONGO,electronic,15093315,CD,-4.038333000000001,21.758664000000003
198,CONGO,alternative,11432650,CD,-4.038333000000001,21.758664000000003
199,CONGO,pop,9567125,CD,-4.038333000000001,21.758664000000003
200,COSTA RICA,rock,68202886,CR,9.748917,-83.753428
201,COSTA RICA,alternative,42158463,CR,9.748917,-83.753428
202,COSTA RICA,pop,17056239,CR,9.748917,-83.753428
203,COSTA RICA,electronic,10760056,CR,9.748917,-83.753428
204,COSTA RICA,blues,6578912,CR,9.748917,-83.753428
205,CROATIA,rock,78307140,HR,45.1,15.2
206,CROATIA,alternative,27698177,HR,45.1,15.2
207,CROATIA,pop,16673154,HR,45.1,15.2
208,CROATIA,electronic,11945711,HR,45.1,15.2
209,CROATIA,blues,6578912,HR,45.1,15.2
210,CUBA,rock,51290013,CU,21.521757,-77.78116700000001
211,CUBA,alternative,27731383,CU,21.521757,-77.78116700000001
212,CUBA,pop,23374347,CU,21.521757,-77.78116700000001
213,CUBA,electronic,19172104,CU,21.521757,-77.78116700000001
214,CUBA,rap,13082493,CU,21.521757,-77.78116700000001
215,CYPRUS,rock,72535999,CY,35.126413,33.429859
216,CYPRUS,alternative,36673627,CY,35.126413,33.429859
217,CYPRUS,pop,23752188,CY,35.126413,33.429859
218,CYPRUS,electronic,13724905,CY,35.126413,33.429859
219,CYPRUS,blues,6579549,CY,35.126413,33.429859
220,DENMARK,rock,39334295,DK,56.26392,9.501785
221,DENMARK,pop,25594021,DK,56.26392,9.501785
222,DENMARK,rap,19192540,DK,56.26392,9.501785
223,DENMARK,alternative,18303496,DK,56.26392,9.501785
224,DENMARK,electronic,17743445,DK,56.26392,9.501785
225,DJIBOUTI,rock,64914738,DJ,11.825138,42.590275
226,DJIBOUTI,alternative,26899702,DJ,11.825138,42.590275
227,DJIBOUTI,pop,13070826,DJ,11.825138,42.590275
228,DJIBOUTI,rap,10787211,DJ,11.825138,42.590275
229,DJIBOUTI,electronic,6752888,DJ,11.825138,42.590275
230,DOMINICA,rock,41107479,DM,15.414999,-61.370976
231,DOMINICA,pop,14219334,DM,15.414999,-61.370976
232,DOMINICA,rap,13701353,DM,15.414999,-61.370976
233,DOMINICA,electronic,9666266,DM,15.414999,-61.370976
234,DOMINICA,alternative,7554283,DM,15.414999,-61.370976
235,DOMINICAN REPUBLIC,rock,41064965,DO,18.735692999999998,-70.162651
236,DOMINICAN REPUBLIC,alternative,30591405,DO,18.735692999999998,-70.162651
237,DOMINICAN REPUBLIC,pop,23868135,DO,18.735692999999998,-70.162651
238,DOMINICAN REPUBLIC,electronic,21227858,DO,18.735692999999998,-70.162651
239,DOMINICAN REPUBLIC,rap,16132700,DO,18.735692999999998,-70.162651
240,ECUADOR,rock,71254127,EC,-1.8312389999999998,-78.183406
241,ECUADOR,alternative,31151115,EC,-1.8312389999999998,-78.183406
242,ECUADOR,pop,21605532,EC,-1.8312389999999998,-78.183406
243,ECUADOR,electronic,13890221,EC,-1.8312389999999998,-78.183406
244,ECUADOR,blues,6579549,EC,-1.8312389999999998,-78.183406
245,EGYPT,rock,56711625,EG,26.820553000000004,30.802497999999996
246,EGYPT,pop,22386309,EG,26.820553000000004,30.802497999999996
247,EGYPT,alternative,21092421,EG,26.820553000000004,30.802497999999996
248,EGYPT,electronic,19147352,EG,26.820553000000004,30.802497999999996
249,EGYPT,rap,6998428,EG,26.820553000000004,30.802497999999996
250,EL SALVADOR,rock,71272103,SV,13.794185,-88.89653
251,EL SALVADOR,alternative,36742195,SV,13.794185,-88.89653
252,EL SALVADOR,electronic,15728902,SV,13.794185,-88.89653
253,EL SALVADOR,pop,14163046,SV,13.794185,-88.89653
254,EL SALVADOR,rap,7176894,SV,13.794185,-88.89653
255,EQUATORIAL GUINEA,rock,4700178,GQ,1.6508009999999997,10.267895
256,EQUATORIAL GUINEA,folk,877852,GQ,1.6508009999999997,10.267895
257,EQUATORIAL GUINEA,pop,91375,GQ,1.6508009999999997,10.267895
258,ESTONIA,rock,62871399,EE,58.595271999999994,25.013607
259,ESTONIA,alternative,27007193,EE,58.595271999999994,25.013607
260,ESTONIA,pop,26528233,EE,58.595271999999994,25.013607
261,ESTONIA,electronic,22769576,EE,58.595271999999994,25.013607
262,ESTONIA,rap,9954863,EE,58.595271999999994,25.013607
263,ETHIOPIA,rock,55552891,ET,9.145,40.489672999999996
264,ETHIOPIA,pop,18249096,ET,9.145,40.489672999999996
265,ETHIOPIA,electronic,15894331,ET,9.145,40.489672999999996
266,ETHIOPIA,alternative,14474044,ET,9.145,40.489672999999996
267,ETHIOPIA,rap,11897437,ET,9.145,40.489672999999996
268,FAROE ISLANDS,rock,57167293,FO,61.892635,-6.9118059999999995
269,FAROE ISLANDS,pop,26840878,FO,61.892635,-6.9118059999999995
270,FAROE ISLANDS,electronic,13966328,FO,61.892635,-6.9118059999999995
271,FAROE ISLANDS,rap,12175295,FO,61.892635,-6.9118059999999995
272,FAROE ISLANDS,r&b,6593164,FO,61.892635,-6.9118059999999995
273,FIJI,rap,26908216,FJ,-16.578193,179.414413
274,FIJI,rock,26080466,FJ,-16.578193,179.414413
275,FIJI,electronic,19895887,FJ,-16.578193,179.414413
276,FIJI,pop,19234844,FJ,-16.578193,179.414413
277,FIJI,alternative,14703500,FJ,-16.578193,179.414413
278,FINLAND,rock,44717688,FI,61.92411,25.748151
279,FINLAND,pop,17282140,FI,61.92411,25.748151
280,FINLAND,electronic,15864856,FI,61.92411,25.748151
281,FINLAND,alternative,14626565,FI,61.92411,25.748151
282,FINLAND,blues,6630207,FI,61.92411,25.748151
283,FRANCE,rock,59433309,FR,46.227638,2.213749
284,FRANCE,electronic,22863553,FR,46.227638,2.213749
285,FRANCE,pop,19943318,FR,46.227638,2.213749
286,FRANCE,alternative,19643313,FR,46.227638,2.213749
287,FRANCE,rap,9954863,FR,46.227638,2.213749
288,FRENCH GUIANA,rock,53568185,GF,3.9338889999999997,-53.125781999999994
289,FRENCH GUIANA,pop,22702837,GF,3.9338889999999997,-53.125781999999994
290,FRENCH GUIANA,rap,13932815,GF,3.9338889999999997,-53.125781999999994
291,FRENCH GUIANA,electronic,12437033,GF,3.9338889999999997,-53.125781999999994
292,FRENCH GUIANA,alternative,10681866,GF,3.9338889999999997,-53.125781999999994
293,FRENCH POLYNESIA,rock,35173602,PF,-17.679742,-149.40684299999998
294,FRENCH POLYNESIA,alternative,20999159,PF,-17.679742,-149.40684299999998
295,FRENCH POLYNESIA,pop,17073653,PF,-17.679742,-149.40684299999998
296,FRENCH POLYNESIA,electronic,10335940,PF,-17.679742,-149.40684299999998
297,FRENCH POLYNESIA,r&b,9830591,PF,-17.679742,-149.40684299999998
298,GABON,rock,37739204,GA,-0.803689,11.609444
299,GABON,rap,27438305,GA,-0.803689,11.609444
300,GABON,r&b,14783108,GA,-0.803689,11.609444
301,GABON,alternative,12891174,GA,-0.803689,11.609444
302,GABON,electronic,9144741,GA,-0.803689,11.609444
303,GAMBIA,rock,52968960,GM,13.443182,-15.310139000000001
304,GAMBIA,alternative,30053605,GM,13.443182,-15.310139000000001
305,GAMBIA,rap,27128254,GM,13.443182,-15.310139000000001
306,GAMBIA,electronic,10434297,GM,13.443182,-15.310139000000001
307,GAMBIA,folk,7080777,GM,13.443182,-15.310139000000001
308,GEORGIA,rock,57517681,GE,42.315407,43.356891999999995
309,GEORGIA,alternative,29384867,GE,42.315407,43.356891999999995
310,GEORGIA,electronic,25426492,GE,42.315407,43.356891999999995
311,GEORGIA,pop,17099390,GE,42.315407,43.356891999999995
312,GEORGIA,funk,4934129,GE,42.315407,43.356891999999995
313,GERMANY,rock,78204890,DE,51.165690999999995,10.451526
314,GERMANY,pop,26693247,DE,51.165690999999995,10.451526
315,GERMANY,alternative,26106983,DE,51.165690999999995,10.451526
316,GERMANY,electronic,16678709,DE,51.165690999999995,10.451526
317,GERMANY,blues,6579549,DE,51.165690999999995,10.451526
318,GHANA,rap,41600000,GH,7.946527000000001,-1.0231940000000002
319,GHANA,pop,20220566,GH,7.946527000000001,-1.0231940000000002
320,GHANA,rock,17201315,GH,7.946527000000001,-1.0231940000000002
321,GHANA,folk,12476240,GH,7.946527000000001,-1.0231940000000002
322,GHANA,electronic,11166829,GH,7.946527000000001,-1.0231940000000002
323,GIBRALTAR,rock,41491776,GI,36.137741,-5.345374
324,GIBRALTAR,pop,24900720,GI,36.137741,-5.345374
325,GIBRALTAR,electronic,17055816,GI,36.137741,-5.345374
326,GIBRALTAR,alternative,15242809,GI,36.137741,-5.345374
327,GIBRALTAR,rap,12248500,GI,36.137741,-5.345374
328,GREECE,rock,71303289,GR,39.074208,21.824312
329,GREECE,alternative,25967512,GR,39.074208,21.824312
330,GREECE,electronic,16993634,GR,39.074208,21.824312
331,GREECE,pop,9635009,GR,39.074208,21.824312
332,GREECE,blues,6579549,GR,39.074208,21.824312
333,GREENLAND,rock,50169081,GL,71.706936,-42.604303
334,GREENLAND,pop,22448388,GL,71.706936,-42.604303
335,GREENLAND,alternative,12546069,GL,71.706936,-42.604303
336,GREENLAND,rap,11051998,GL,71.706936,-42.604303
337,GREENLAND,electronic,5809405,GL,71.706936,-42.604303
338,GRENADA,rap,34404548,GD,12.262775999999999,-61.604170999999994
339,GRENADA,pop,23163297,GD,12.262775999999999,-61.604170999999994
340,GRENADA,rock,21630121,GD,12.262775999999999,-61.604170999999994
341,GRENADA,electronic,11947776,GD,12.262775999999999,-61.604170999999994
342,GRENADA,r&b,8227424,GD,12.262775999999999,-61.604170999999994
343,GUADELOUPE,rock,34298652,GP,16.995971,-62.067641
344,GUADELOUPE,rap,25061868,GP,16.995971,-62.067641
345,GUADELOUPE,electronic,17468345,GP,16.995971,-62.067641
346,GUADELOUPE,pop,17028712,GP,16.995971,-62.067641
347,GUADELOUPE,r&b,15691148,GP,16.995971,-62.067641
348,GUAM,rock,34838131,GU,13.444304,144.793731
349,GUAM,rap,27231616,GU,13.444304,144.793731
350,GUAM,alternative,22607637,GU,13.444304,144.793731
351,GUAM,pop,22482076,GU,13.444304,144.793731
352,GUAM,folk,11229163,GU,13.444304,144.793731
353,GUATEMALA,rock,74623004,GT,15.783470999999999,-90.23075899999999
354,GUATEMALA,alternative,38108795,GT,15.783470999999999,-90.23075899999999
355,GUATEMALA,pop,18712385,GT,15.783470999999999,-90.23075899999999
356,GUATEMALA,electronic,10760056,GT,15.783470999999999,-90.23075899999999
357,GUATEMALA,blues,6579549,GT,15.783470999999999,-90.23075899999999
358,GUERNSEY,rock,58338888,GG,49.465691,-2.5852779999999997
359,GUERNSEY,pop,26718107,GG,49.465691,-2.5852779999999997
360,GUERNSEY,electronic,18524448,GG,49.465691,-2.5852779999999997
361,GUERNSEY,alternative,16307754,GG,49.465691,-2.5852779999999997
362,GUERNSEY,r&b,8049184,GG,49.465691,-2.5852779999999997
363,GUYANA,rap,39449127,GY,4.860416000000001,-58.93018000000001
364,GUYANA,pop,23668374,GY,4.860416000000001,-58.93018000000001
365,GUYANA,rock,11912098,GY,4.860416000000001,-58.93018000000001
366,GUYANA,electronic,8640473,GY,4.860416000000001,-58.93018000000001
367,GUYANA,r&b,5471343,GY,4.860416000000001,-58.93018000000001
368,HAITI,rock,22298341,HT,18.971187,-72.28521500000001
369,HAITI,rap,21858750,HT,18.971187,-72.28521500000001
370,HAITI,pop,17770449,HT,18.971187,-72.28521500000001
371,HAITI,alternative,13947475,HT,18.971187,-72.28521500000001
372,HAITI,electronic,10360953,HT,18.971187,-72.28521500000001
373,HONDURAS,rock,57140452,HN,15.199998999999998,-86.241905
374,HONDURAS,alternative,30793198,HN,15.199998999999998,-86.241905
375,HONDURAS,pop,19944869,HN,15.199998999999998,-86.241905
376,HONDURAS,electronic,17947493,HN,15.199998999999998,-86.241905
377,HONDURAS,r&b,7920213,HN,15.199998999999998,-86.241905
378,HONG KONG,rock,37813308,HK,22.396428,114.10949699999999
379,HONG KONG,pop,26065587,HK,22.396428,114.10949699999999
380,HONG KONG,rap,21198275,HK,22.396428,114.10949699999999
381,HONG KONG,electronic,19147352,HK,22.396428,114.10949699999999
382,HONG KONG,alternative,9957339,HK,22.396428,114.10949699999999
383,HUNGARY,rock,62148647,HU,47.162494,19.503304
384,HUNGARY,alternative,30726376,HU,47.162494,19.503304
385,HUNGARY,pop,28374421,HU,47.162494,19.503304
386,HUNGARY,electronic,19390342,HU,47.162494,19.503304
387,HUNGARY,rap,9954863,HU,47.162494,19.503304
388,ICELAND,rock,54521198,IS,64.96305100000001,-19.020835
389,ICELAND,rap,18512718,IS,64.96305100000001,-19.020835
390,ICELAND,electronic,15901694,IS,64.96305100000001,-19.020835
391,ICELAND,pop,14729049,IS,64.96305100000001,-19.020835
392,ICELAND,alternative,9939923,IS,64.96305100000001,-19.020835
393,INDIA,rock,60324599,IN,20.593684,78.96288
394,INDIA,pop,23427848,IN,20.593684,78.96288
395,INDIA,alternative,22240303,IN,20.593684,78.96288
396,INDIA,electronic,16842956,IN,20.593684,78.96288
397,INDIA,rap,9954863,IN,20.593684,78.96288
398,INDONESIA,rock,50668227,ID,-0.789275,113.921327
399,INDONESIA,pop,17040933,ID,-0.789275,113.921327
400,INDONESIA,electronic,12771922,ID,-0.789275,113.921327
401,INDONESIA,alternative,12623302,ID,-0.789275,113.921327
402,INDONESIA,rap,12311661,ID,-0.789275,113.921327
403,"IRAN, ISLAMIC REPUBLIC OF",rock,56534195,IR,32.427908,53.68804599999999
404,"IRAN, ISLAMIC REPUBLIC OF",pop,19943996,IR,32.427908,53.68804599999999
405,"IRAN, ISLAMIC REPUBLIC OF",alternative,14602250,IR,32.427908,53.68804599999999
406,"IRAN, ISLAMIC REPUBLIC OF",electronic,14503507,IR,32.427908,53.68804599999999
407,"IRAN, ISLAMIC REPUBLIC OF",blues,6579549,IR,32.427908,53.68804599999999
408,IRAQ,rock,55123667,IQ,33.223191,43.679291
409,IRAQ,alternative,27007193,IQ,33.223191,43.679291
410,IRAQ,pop,25062219,IQ,33.223191,43.679291
411,IRAQ,electronic,17862534,IQ,33.223191,43.679291
412,IRAQ,blues,6579549,IQ,33.223191,43.679291
413,IRELAND,rock,73181596,IE,53.41291,-8.243889999999999
414,IRELAND,alternative,29554313,IE,53.41291,-8.243889999999999
415,IRELAND,pop,12733034,IE,53.41291,-8.243889999999999
416,IRELAND,electronic,11945711,IE,53.41291,-8.243889999999999
417,IRELAND,rap,9954863,IE,53.41291,-8.243889999999999
418,ISLE OF MAN,rock,91478082,IM,54.236107,-4.548056
419,ISLE OF MAN,alternative,23500484,IM,54.236107,-4.548056
420,ISLE OF MAN,pop,16916915,IM,54.236107,-4.548056
421,ISLE OF MAN,electronic,14734199,IM,54.236107,-4.548056
422,ISLE OF MAN,funk,4935007,IM,54.236107,-4.548056
423,ISRAEL,rock,75542554,IL,31.046051000000002,34.851612
424,ISRAEL,alternative,25132243,IL,31.046051000000002,34.851612
425,ISRAEL,pop,17932368,IL,31.046051000000002,34.851612
426,ISRAEL,electronic,11945711,IL,31.046051000000002,34.851612
427,ISRAEL,rap,11897437,IL,31.046051000000002,34.851612
428,ITALY,rock,78998202,IT,41.87194,12.56738
429,ITALY,alternative,35200783,IT,41.87194,12.56738
430,ITALY,pop,17805736,IT,41.87194,12.56738
431,ITALY,electronic,12154275,IT,41.87194,12.56738
432,ITALY,blues,6578912,IT,41.87194,12.56738
433,JAMAICA,rap,35349016,JM,18.109581,-77.297508
434,JAMAICA,rock,22208395,JM,18.109581,-77.297508
435,JAMAICA,pop,18783394,JM,18.109581,-77.297508
436,JAMAICA,electronic,18705654,JM,18.109581,-77.297508
437,JAMAICA,r&b,10384738,JM,18.109581,-77.297508
438,JAPAN,rock,30967447,JP,36.204824,138.252924
439,JAPAN,alternative,18323344,JP,36.204824,138.252924
440,JAPAN,electronic,11236140,JP,36.204824,138.252924
441,JAPAN,pop,10205335,JP,36.204824,138.252924
442,JAPAN,funk,4934129,JP,36.204824,138.252924
443,JERSEY,rock,53931508,JE,49.214439,-2.13125
444,JERSEY,pop,27258156,JE,49.214439,-2.13125
445,JERSEY,alternative,24386940,JE,49.214439,-2.13125
446,JERSEY,electronic,10727720,JE,49.214439,-2.13125
447,JERSEY,blues,6579549,JE,49.214439,-2.13125
448,JORDAN,rock,61719942,JO,30.585164000000002,36.238414
449,JORDAN,alternative,22257015,JO,30.585164000000002,36.238414
450,JORDAN,pop,21391934,JO,30.585164000000002,36.238414
451,JORDAN,rap,19015476,JO,30.585164000000002,36.238414
452,JORDAN,electronic,9234078,JO,30.585164000000002,36.238414
453,KAZAKHSTAN,rock,59261035,KZ,48.019573,66.923684
454,KAZAKHSTAN,alternative,29706220,KZ,48.019573,66.923684
455,KAZAKHSTAN,pop,24628415,KZ,48.019573,66.923684
456,KAZAKHSTAN,electronic,20013627,KZ,48.019573,66.923684
457,KAZAKHSTAN,rap,5057256,KZ,48.019573,66.923684
458,KENYA,rap,44591118,KE,-0.023559,37.906193
459,KENYA,rock,23355882,KE,-0.023559,37.906193
460,KENYA,pop,16892221,KE,-0.023559,37.906193
461,KENYA,electronic,14052733,KE,-0.023559,37.906193
462,KENYA,folk,9704483,KE,-0.023559,37.906193
463,"KOREA, REPUBLIC OF",rock,44203309,KP,40.339852,127.510093
464,"KOREA, REPUBLIC OF",pop,23778615,KP,40.339852,127.510093
465,"KOREA, REPUBLIC OF",rap,23140849,KP,40.339852,127.510093
466,"KOREA, REPUBLIC OF",alternative,18302271,KP,40.339852,127.510093
467,"KOREA, REPUBLIC OF",electronic,16944189,KP,40.339852,127.510093
468,KUWAIT,pop,30304639,KW,29.311659999999996,47.481766
469,KUWAIT,electronic,25885235,KW,29.311659999999996,47.481766
470,KUWAIT,rock,23748616,KW,29.311659999999996,47.481766
471,KUWAIT,rap,21610210,KW,29.311659999999996,47.481766
472,KUWAIT,folk,12457626,KW,29.311659999999996,47.481766
473,KYRGYZSTAN,rock,64917287,KG,41.20438,74.766098
474,KYRGYZSTAN,alternative,27174401,KG,41.20438,74.766098
475,KYRGYZSTAN,pop,21963119,KG,41.20438,74.766098
476,KYRGYZSTAN,electronic,14734199,KG,41.20438,74.766098
477,KYRGYZSTAN,funk,4934129,KG,41.20438,74.766098
478,LAO PEOPLE'S DEMOCRATIC REPUBLIC,rock,51189846,LA,19.856270000000002,102.495496
479,LAO PEOPLE'S DEMOCRATIC REPUBLIC,electronic,24286161,LA,19.856270000000002,102.495496
480,LAO PEOPLE'S DEMOCRATIC REPUBLIC,pop,21415132,LA,19.856270000000002,102.495496
481,LAO PEOPLE'S DEMOCRATIC REPUBLIC,alternative,9986765,LA,19.856270000000002,102.495496
482,LAO PEOPLE'S DEMOCRATIC REPUBLIC,folk,9031576,LA,19.856270000000002,102.495496
483,LATVIA,rock,70920471,LV,56.879635,24.603189
484,LATVIA,alternative,29188001,LV,56.879635,24.603189
485,LATVIA,pop,18711426,LV,56.879635,24.603189
486,LATVIA,electronic,18409440,LV,56.879635,24.603189
487,LATVIA,rap,9954863,LV,56.879635,24.603189
488,LEBANON,rock,58267111,LB,33.854721000000005,35.862285
489,LEBANON,pop,22386168,LB,33.854721000000005,35.862285
490,LEBANON,alternative,15940355,LB,33.854721000000005,35.862285
491,LEBANON,electronic,15412509,LB,33.854721000000005,35.862285
492,LEBANON,rap,9953461,LB,33.854721000000005,35.862285
493,LESOTHO,rock,2869910,LS,-29.609988,28.233608
494,LESOTHO,blues,371710,LS,-29.609988,28.233608
495,LIECHTENSTEIN,rock,64430308,LI,47.166000000000004,9.555373
496,LIECHTENSTEIN,electronic,18058457,LI,47.166000000000004,9.555373
497,LIECHTENSTEIN,pop,13743125,LI,47.166000000000004,9.555373
498,LIECHTENSTEIN,alternative,12759489,LI,47.166000000000004,9.555373
499,LIECHTENSTEIN,blues,6579549,LI,47.166000000000004,9.555373
500,LITHUANIA,rock,78188053,LT,55.169438,23.881275
501,LITHUANIA,alternative,23086110,LT,55.169438,23.881275
502,LITHUANIA,pop,22601909,LT,55.169438,23.881275
503,LITHUANIA,electronic,16883462,LT,55.169438,23.881275
504,LITHUANIA,blues,6579549,LT,55.169438,23.881275
505,LUXEMBOURG,rock,79628436,LU,49.815273,6.129583
506,LUXEMBOURG,pop,24281024,LU,49.815273,6.129583
507,LUXEMBOURG,alternative,23070386,LU,49.815273,6.129583
508,LUXEMBOURG,electronic,14734199,LU,49.815273,6.129583
509,LUXEMBOURG,blues,6579549,LU,49.815273,6.129583
510,MACAO,rock,40040811,MO,22.198745000000002,113.543873
511,MACAO,rap,23389912,MO,22.198745000000002,113.543873
512,MACAO,pop,21727905,MO,22.198745000000002,113.543873
513,MACAO,electronic,16919063,MO,22.198745000000002,113.543873
514,MACAO,alternative,12742387,MO,22.198745000000002,113.543873
515,MADAGASCAR,rock,53414427,MG,-18.766947000000002,46.869107
516,MADAGASCAR,rap,19932680,MG,-18.766947000000002,46.869107
517,MADAGASCAR,electronic,18350712,MG,-18.766947000000002,46.869107
518,MADAGASCAR,pop,16966719,MG,-18.766947000000002,46.869107
519,MADAGASCAR,folk,14812790,MG,-18.766947000000002,46.869107
520,MALAWI,rap,31914955,MW,-13.254307999999998,34.301525
521,MALAWI,rock,13666309,MW,-13.254307999999998,34.301525
522,MALAWI,pop,12892508,MW,-13.254307999999998,34.301525
523,MALAWI,electronic,8790958,MW,-13.254307999999998,34.301525
524,MALAWI,blues,6769627,MW,-13.254307999999998,34.301525
525,MALAYSIA,rock,47992994,MY,4.210483999999999,101.97576600000001
526,MALAYSIA,pop,27138507,MY,4.210483999999999,101.97576600000001
527,MALAYSIA,rap,21198275,MY,4.210483999999999,101.97576600000001
528,MALAYSIA,electronic,17307765,MY,4.210483999999999,101.97576600000001
529,MALAYSIA,alternative,14975439,MY,4.210483999999999,101.97576600000001
530,MALDIVES,rock,76470099,MV,3.202778,73.22068
531,MALDIVES,alternative,29438832,MV,3.202778,73.22068
532,MALDIVES,pop,21138858,MV,3.202778,73.22068
533,MALDIVES,rap,11897437,MV,3.202778,73.22068
534,MALDIVES,electronic,9234078,MV,3.202778,73.22068
535,MALI,rock,34243647,ML,17.570692,-3.9961660000000006
536,MALI,rap,31773285,ML,17.570692,-3.9961660000000006
537,MALI,pop,19227262,ML,17.570692,-3.9961660000000006
538,MALI,folk,14211487,ML,17.570692,-3.9961660000000006
539,MALI,electronic,9521648,ML,17.570692,-3.9961660000000006
540,MALTA,rock,68780272,MT,35.937496,14.375416
541,MALTA,pop,27446309,MT,35.937496,14.375416
542,MALTA,alternative,27007193,MT,35.937496,14.375416
543,MALTA,electronic,14866079,MT,35.937496,14.375416
544,MALTA,blues,6579549,MT,35.937496,14.375416
545,MARTINIQUE,rap,41767051,MQ,14.641528,-61.024174
546,MARTINIQUE,pop,19525063,MQ,14.641528,-61.024174
547,MARTINIQUE,electronic,19047441,MQ,14.641528,-61.024174
548,MARTINIQUE,rock,14256028,MQ,14.641528,-61.024174
549,MARTINIQUE,r&b,12122033,MQ,14.641528,-61.024174
550,MAURITANIA,rock,39398546,MR,21.00789,-10.940835
551,MAURITANIA,electronic,21082696,MR,21.00789,-10.940835
552,MAURITANIA,alternative,12154955,MR,21.00789,-10.940835
553,MAURITANIA,folk,10919142,MR,21.00789,-10.940835
554,MAURITANIA,pop,10095487,MR,21.00789,-10.940835
555,MAURITIUS,rock,40288286,MU,-20.348404000000002,57.552152
556,MAURITIUS,pop,25856715,MU,-20.348404000000002,57.552152
557,MAURITIUS,electronic,19032537,MU,-20.348404000000002,57.552152
558,MAURITIUS,alternative,18554918,MU,-20.348404000000002,57.552152
559,MAURITIUS,rap,13107073,MU,-20.348404000000002,57.552152
560,MAYOTTE,rap,32535543,YT,-12.8275,45.166244
561,MAYOTTE,pop,18402800,YT,-12.8275,45.166244
562,MAYOTTE,rock,17825106,YT,-12.8275,45.166244
563,MAYOTTE,electronic,10092423,YT,-12.8275,45.166244
564,MAYOTTE,blues,5186512,YT,-12.8275,45.166244
565,MEXICO,rock,68784098,MX,23.634501,-102.552784
566,MEXICO,alternative,40857650,MX,23.634501,-102.552784
567,MEXICO,pop,14303852,MX,23.634501,-102.552784
568,MEXICO,electronic,10760056,MX,23.634501,-102.552784
569,MEXICO,blues,6579549,MX,23.634501,-102.552784
570,"MICRONESIA, FEDERATED STATES OF",rock,75480468,FM,7.425553999999999,150.550812
571,"MICRONESIA, FEDERATED STATES OF",alternative,36638456,FM,7.425553999999999,150.550812
572,"MICRONESIA, FEDERATED STATES OF",electronic,16859974,FM,7.425553999999999,150.550812
573,"MICRONESIA, FEDERATED STATES OF",pop,15379827,FM,7.425553999999999,150.550812
574,"MICRONESIA, FEDERATED STATES OF",blues,4098667,FM,7.425553999999999,150.550812
575,MONACO,rock,59722360,MC,43.750298,7.412841
576,MONACO,alternative,17008341,MC,43.750298,7.412841
577,MONACO,electronic,13258672,MC,43.750298,7.412841
578,MONACO,pop,13068368,MC,43.750298,7.412841
579,MONACO,folk,10028597,MC,43.750298,7.412841
580,MONGOLIA,rock,46999500,MN,46.862496,103.84665600000001
581,MONGOLIA,electronic,23034123,MN,46.862496,103.84665600000001
582,MONGOLIA,pop,22157894,MN,46.862496,103.84665600000001
583,MONGOLIA,alternative,18538044,MN,46.862496,103.84665600000001
584,MONGOLIA,rap,15025633,MN,46.862496,103.84665600000001
585,MONTENEGRO,rock,61060593,ME,42.708678000000006,19.37439
586,MONTENEGRO,alternative,22285698,ME,42.708678000000006,19.37439
587,MONTENEGRO,electronic,19142897,ME,42.708678000000006,19.37439
588,MONTENEGRO,pop,8188495,ME,42.708678000000006,19.37439
589,MONTENEGRO,blues,6579549,ME,42.708678000000006,19.37439
590,MOROCCO,rock,45186850,MA,31.791702,-7.09262
591,MOROCCO,pop,24118675,MA,31.791702,-7.09262
592,MOROCCO,electronic,20223813,MA,31.791702,-7.09262
593,MOROCCO,alternative,19861752,MA,31.791702,-7.09262
594,MOROCCO,rap,19014181,MA,31.791702,-7.09262
595,MOZAMBIQUE,rock,57193829,MZ,-18.665695,35.529562
596,MOZAMBIQUE,pop,23844018,MZ,-18.665695,35.529562
597,MOZAMBIQUE,alternative,14505091,MZ,-18.665695,35.529562
598,MOZAMBIQUE,rap,12919836,MZ,-18.665695,35.529562
599,MOZAMBIQUE,electronic,11003966,MZ,-18.665695,35.529562
600,MYANMAR,rock,54674218,MM,21.913965,95.956223
601,MYANMAR,alternative,22334923,MM,21.913965,95.956223
602,MYANMAR,pop,21975491,MM,21.913965,95.956223
603,MYANMAR,rap,18305516,MM,21.913965,95.956223
604,MYANMAR,electronic,12120718,MM,21.913965,95.956223
605,NAMIBIA,rock,59207913,,-22.957639999999998,18.49041
606,NAMIBIA,pop,23489814,,-22.957639999999998,18.49041
607,NAMIBIA,alternative,21769016,,-22.957639999999998,18.49041
608,NAMIBIA,rap,14315858,,-22.957639999999998,18.49041
609,NAMIBIA,electronic,13209244,,-22.957639999999998,18.49041
610,NEPAL,rock,74824799,NP,28.394857000000002,84.12400799999999
611,NEPAL,alternative,34609846,NP,28.394857000000002,84.12400799999999
612,NEPAL,pop,17362583,NP,28.394857000000002,84.12400799999999
613,NEPAL,blues,6579549,NP,28.394857000000002,84.12400799999999
614,NEPAL,candian,5834025,NP,28.394857000000002,84.12400799999999
615,NETHERLANDS,rock,64679021,NL,52.132633,5.291266
616,NETHERLANDS,alternative,25149659,NL,52.132633,5.291266
617,NETHERLANDS,pop,16442187,NL,52.132633,5.291266
618,NETHERLANDS,electronic,14877082,NL,52.132633,5.291266
619,NETHERLANDS,rap,7303209,NL,52.132633,5.291266
620,NEW CALEDONIA,rock,57114947,NC,-20.904304999999997,165.618042
621,NEW CALEDONIA,electronic,20378176,NC,-20.904304999999997,165.618042
622,NEW CALEDONIA,pop,19608274,NC,-20.904304999999997,165.618042
623,NEW CALEDONIA,r&b,13046449,NC,-20.904304999999997,165.618042
624,NEW CALEDONIA,rap,12778873,NC,-20.904304999999997,165.618042
625,NEW ZEALAND,rock,65830658,NZ,-40.900557,174.88597099999998
626,NEW ZEALAND,alternative,22422759,NZ,-40.900557,174.88597099999998
627,NEW ZEALAND,pop,21789383,NZ,-40.900557,174.88597099999998
628,NEW ZEALAND,electronic,14702513,NZ,-40.900557,174.88597099999998
629,NEW ZEALAND,rap,14017075,NZ,-40.900557,174.88597099999998
630,NICARAGUA,rock,51789658,NI,12.865416,-85.207229
631,NICARAGUA,alternative,22919754,NI,12.865416,-85.207229
632,NICARAGUA,electronic,22406934,NI,12.865416,-85.207229
633,NICARAGUA,pop,16425790,NI,12.865416,-85.207229
634,NICARAGUA,rap,11164499,NI,12.865416,-85.207229
635,NIGER,r&b,12297,NE,17.607789,8.081666
636,NIGERIA,rap,40186253,NG,9.081999,8.675277000000001
637,NIGERIA,pop,20126147,NG,9.081999,8.675277000000001
638,NIGERIA,rock,15796240,NG,9.081999,8.675277000000001
639,NIGERIA,electronic,5432434,NG,9.081999,8.675277000000001
640,NIGERIA,r&b,5173103,NG,9.081999,8.675277000000001
641,NORFOLK ISLAND,rock,70177588,NF,-29.040834999999998,167.954712
642,NORFOLK ISLAND,alternative,29684733,NF,-29.040834999999998,167.954712
643,NORFOLK ISLAND,pop,6975914,NF,-29.040834999999998,167.954712
644,NORFOLK ISLAND,classical,4316710,NF,-29.040834999999998,167.954712
645,NORFOLK ISLAND,blues,4098667,NF,-29.040834999999998,167.954712
646,NORTHERN MARIANA ISLANDS,rock,22989410,MP,17.33083,145.38468999999998
647,NORTHERN MARIANA ISLANDS,rap,19812329,MP,17.33083,145.38468999999998
648,NORTHERN MARIANA ISLANDS,electronic,9870081,MP,17.33083,145.38468999999998
649,NORTHERN MARIANA ISLANDS,pop,8140009,MP,17.33083,145.38468999999998
650,NORTHERN MARIANA ISLANDS,alternative,5145327,MP,17.33083,145.38468999999998
651,NORWAY,rock,52739431,NO,60.472024,8.468946
652,NORWAY,pop,21548074,NO,60.472024,8.468946
653,NORWAY,electronic,19386528,NO,60.472024,8.468946
654,NORWAY,rap,16062106,NO,60.472024,8.468946
655,NORWAY,blues,6579549,NO,60.472024,8.468946
656,OMAN,rock,37599015,OM,21.512583,55.923255000000005
657,OMAN,pop,22857467,OM,21.512583,55.923255000000005
658,OMAN,rap,21135114,OM,21.512583,55.923255000000005
659,OMAN,electronic,20966469,OM,21.512583,55.923255000000005
660,OMAN,alternative,18957678,OM,21.512583,55.923255000000005
661,PAKISTAN,rock,51752178,PK,30.375321000000003,69.345116
662,PAKISTAN,pop,24752888,PK,30.375321000000003,69.345116
663,PAKISTAN,alternative,18537345,PK,30.375321000000003,69.345116
664,PAKISTAN,rap,17143410,PK,30.375321000000003,69.345116
665,PAKISTAN,electronic,14640540,PK,30.375321000000003,69.345116
666,PALAU,rock,29124762,PW,7.51498,134.58252
667,PALAU,pop,26828490,PW,7.51498,134.58252
668,PALAU,rap,26761483,PW,7.51498,134.58252
669,PALAU,alternative,10833633,PW,7.51498,134.58252
670,PALAU,electronic,7041914,PW,7.51498,134.58252
671,PANAMA,rock,45059838,PA,8.537981,-80.782127
672,PANAMA,alternative,37550310,PA,8.537981,-80.782127
673,PANAMA,electronic,19738535,PA,8.537981,-80.782127
674,PANAMA,rap,19191138,PA,8.537981,-80.782127
675,PANAMA,pop,17854891,PA,8.537981,-80.782127
676,PAPUA NEW GUINEA,nsfw,810658,PG,-6.314993,143.95555
677,PAPUA NEW GUINEA,r&b,189918,PG,-6.314993,143.95555
678,PAPUA NEW GUINEA,reggae,50282,PG,-6.314993,143.95555
679,PAPUA NEW GUINEA,jamaican,49376,PG,-6.314993,143.95555
680,PAPUA NEW GUINEA,rock,5654,PG,-6.314993,143.95555
681,PARAGUAY,rock,73943045,PY,-23.442503,-58.44383199999999
682,PARAGUAY,alternative,34741291,PY,-23.442503,-58.44383199999999
683,PARAGUAY,pop,22211516,PY,-23.442503,-58.44383199999999
684,PARAGUAY,electronic,10760056,PY,-23.442503,-58.44383199999999
685,PARAGUAY,blues,6579549,PY,-23.442503,-58.44383199999999
686,PERU,rock,67766611,PE,-9.189967,-75.015152
687,PERU,alternative,32851457,PE,-9.189967,-75.015152
688,PERU,electronic,17897025,PE,-9.189967,-75.015152
689,PERU,pop,17055282,PE,-9.189967,-75.015152
690,PERU,blues,6579549,PE,-9.189967,-75.015152
691,PHILIPPINES,rock,39403307,PH,12.879721,121.77401699999999
692,PHILIPPINES,rap,21198275,PH,12.879721,121.77401699999999
693,PHILIPPINES,pop,18349976,PH,12.879721,121.77401699999999
694,PHILIPPINES,electronic,12084625,PH,12.879721,121.77401699999999
695,PHILIPPINES,alternative,9802299,PH,12.879721,121.77401699999999
696,POLAND,rock,66760305,PL,51.919438,19.145135999999997
697,POLAND,alternative,25959486,PL,51.919438,19.145135999999997
698,POLAND,pop,24285222,PL,51.919438,19.145135999999997
699,POLAND,electronic,16601854,PL,51.919438,19.145135999999997
700,POLAND,blues,6578857,PL,51.919438,19.145135999999997
701,PORTUGAL,rock,74051451,PT,39.399871999999995,-8.224454
702,PORTUGAL,alternative,32822931,PT,39.399871999999995,-8.224454
703,PORTUGAL,pop,12781705,PT,39.399871999999995,-8.224454
704,PORTUGAL,electronic,11945711,PT,39.399871999999995,-8.224454
705,PORTUGAL,rap,6840181,PT,39.399871999999995,-8.224454
706,PUERTO RICO,rock,57901267,PR,18.220833,-66.590149
707,PUERTO RICO,alternative,26892397,PR,18.220833,-66.590149
708,PUERTO RICO,pop,25361712,PR,18.220833,-66.590149
709,PUERTO RICO,electronic,15287919,PR,18.220833,-66.590149
710,PUERTO RICO,rap,12828006,PR,18.220833,-66.590149
711,QATAR,rock,44714756,QA,25.354826,51.183884
712,QATAR,pop,24753891,QA,25.354826,51.183884
713,QATAR,alternative,23305248,QA,25.354826,51.183884
714,QATAR,rap,21198275,QA,25.354826,51.183884
715,QATAR,electronic,17709015,QA,25.354826,51.183884
716,ROMANIA,rock,74452978,RO,45.943160999999996,24.96676
717,ROMANIA,pop,25280459,RO,45.943160999999996,24.96676
718,ROMANIA,alternative,23086110,RO,45.943160999999996,24.96676
719,ROMANIA,electronic,14734199,RO,45.943160999999996,24.96676
720,ROMANIA,blues,6579549,RO,45.943160999999996,24.96676
721,RWANDA,rap,39654950,RW,-1.940278,29.873888
722,RWANDA,rock,35455576,RW,-1.940278,29.873888
723,RWANDA,pop,20941592,RW,-1.940278,29.873888
724,RWANDA,folk,9273803,RW,-1.940278,29.873888
725,RWANDA,electronic,9080152,RW,-1.940278,29.873888
726,SAINT KITTS AND NEVIS,rock,51357225,KN,17.357822,-62.782998
727,SAINT KITTS AND NEVIS,pop,21619521,KN,17.357822,-62.782998
728,SAINT KITTS AND NEVIS,rap,19015476,KN,17.357822,-62.782998
729,SAINT KITTS AND NEVIS,alternative,18874363,KN,17.357822,-62.782998
730,SAINT KITTS AND NEVIS,electronic,10482645,KN,17.357822,-62.782998
731,SAINT LUCIA,rock,28899894,LC,13.909444,-60.97889300000001
732,SAINT LUCIA,rap,23371044,LC,13.909444,-60.97889300000001
733,SAINT LUCIA,pop,19040404,LC,13.909444,-60.97889300000001
734,SAINT LUCIA,electronic,17826347,LC,13.909444,-60.97889300000001
735,SAINT LUCIA,folk,8129992,LC,13.909444,-60.97889300000001
736,SAINT PIERRE AND MIQUELON,rock,3236949,PM,46.941936,-56.27111
737,SAINT VINCENT AND THE GRENADINES,rock,56748473,VC,12.984305,-61.287228000000006
738,SAINT VINCENT AND THE GRENADINES,pop,24612597,VC,12.984305,-61.287228000000006
739,SAINT VINCENT AND THE GRENADINES,alternative,16797008,VC,12.984305,-61.287228000000006
740,SAINT VINCENT AND THE GRENADINES,folk,10895575,VC,12.984305,-61.287228000000006
741,SAINT VINCENT AND THE GRENADINES,rap,8527740,VC,12.984305,-61.287228000000006
742,SAMOA,rock,27958554,WS,-13.759029,-172.10462900000002
743,SAMOA,alternative,18803503,WS,-13.759029,-172.10462900000002
744,SAMOA,folk,14006927,WS,-13.759029,-172.10462900000002
745,SAMOA,classical,4964972,WS,-13.759029,-172.10462900000002
746,SAMOA,funk,4935007,WS,-13.759029,-172.10462900000002
747,SAN MARINO,rock,60851760,SM,43.94236,12.457777
748,SAN MARINO,pop,24340598,SM,43.94236,12.457777
749,SAN MARINO,alternative,19379826,SM,43.94236,12.457777
750,SAN MARINO,folk,7099391,SM,43.94236,12.457777
751,SAN MARINO,rap,5548104,SM,43.94236,12.457777
752,SAUDI ARABIA,rock,39749504,SA,23.885942,45.079162
753,SAUDI ARABIA,pop,28496647,SA,23.885942,45.079162
754,SAUDI ARABIA,rap,21195578,SA,23.885942,45.079162
755,SAUDI ARABIA,electronic,19529769,SA,23.885942,45.079162
756,SAUDI ARABIA,alternative,10209774,SA,23.885942,45.079162
757,SENEGAL,rock,32809899,SN,14.497401000000002,-14.452361999999999
758,SENEGAL,rap,23437586,SN,14.497401000000002,-14.452361999999999
759,SENEGAL,pop,21747591,SN,14.497401000000002,-14.452361999999999
760,SENEGAL,electronic,10901294,SN,14.497401000000002,-14.452361999999999
761,SENEGAL,r&b,7623806,SN,14.497401000000002,-14.452361999999999
762,SERBIA,rock,61515024,RS,44.016521000000004,21.005859
763,SERBIA,alternative,26905316,RS,44.016521000000004,21.005859
764,SERBIA,electronic,20408349,RS,44.016521000000004,21.005859
765,SERBIA,pop,15627184,RS,44.016521000000004,21.005859
766,SERBIA,rap,11263069,RS,44.016521000000004,21.005859
767,SEYCHELLES,rock,73005838,SC,-4.679574,55.491977
768,SEYCHELLES,pop,34316708,SC,-4.679574,55.491977
769,SEYCHELLES,electronic,11220967,SC,-4.679574,55.491977
770,SEYCHELLES,folk,11131762,SC,-4.679574,55.491977
771,SEYCHELLES,rap,6755516,SC,-4.679574,55.491977
772,SINGAPORE,rock,33929235,SG,1.352083,103.819836
773,SINGAPORE,rap,23139447,SG,1.352083,103.819836
774,SINGAPORE,pop,23049354,SG,1.352083,103.819836
775,SINGAPORE,electronic,21514992,SG,1.352083,103.819836
776,SINGAPORE,alternative,18660337,SG,1.352083,103.819836
777,SLOVAKIA,rock,74290459,SK,48.669026,19.699023999999998
778,SLOVAKIA,alternative,27320258,SK,48.669026,19.699023999999998
779,SLOVAKIA,pop,22604967,SK,48.669026,19.699023999999998
780,SLOVAKIA,electronic,16883462,SK,48.669026,19.699023999999998
781,SLOVAKIA,blues,6578912,SK,48.669026,19.699023999999998
782,SLOVENIA,rock,85951643,SI,46.151241,14.995463
783,SLOVENIA,alternative,24267869,SI,46.151241,14.995463
784,SLOVENIA,pop,22610670,SI,46.151241,14.995463
785,SLOVENIA,electronic,14734199,SI,46.151241,14.995463
786,SLOVENIA,blues,6578912,SI,46.151241,14.995463
787,SOLOMON ISLANDS,rock,63365952,SB,-9.645710000000001,160.156194
788,SOLOMON ISLANDS,alternative,28460943,SB,-9.645710000000001,160.156194
789,SOLOMON ISLANDS,pop,19716337,SB,-9.645710000000001,160.156194
790,SOLOMON ISLANDS,electronic,15659755,SB,-9.645710000000001,160.156194
791,SOLOMON ISLANDS,rap,10829188,SB,-9.645710000000001,160.156194
792,SOUTH AFRICA,rock,81464897,ZA,-30.559482,22.937506
793,SOUTH AFRICA,alternative,34605966,ZA,-30.559482,22.937506
794,SOUTH AFRICA,pop,26692019,ZA,-30.559482,22.937506
795,SOUTH AFRICA,electronic,11945711,ZA,-30.559482,22.937506
796,SOUTH AFRICA,blues,6578912,ZA,-30.559482,22.937506
797,SPAIN,rock,79273686,ES,40.463667,-3.7492199999999998
798,SPAIN,alternative,31282957,ES,40.463667,-3.7492199999999998
799,SPAIN,pop,17636768,ES,40.463667,-3.7492199999999998
800,SPAIN,electronic,13890221,ES,40.463667,-3.7492199999999998
801,SPAIN,blues,6578912,ES,40.463667,-3.7492199999999998
802,SRI LANKA,rock,34932756,LK,7.873054,80.77179699999999
803,SRI LANKA,pop,29651961,LK,7.873054,80.77179699999999
804,SRI LANKA,rap,19590139,LK,7.873054,80.77179699999999
805,SRI LANKA,electronic,15313212,LK,7.873054,80.77179699999999
806,SRI LANKA,alternative,13911020,LK,7.873054,80.77179699999999
807,SUDAN,rap,34725266,SD,12.862807,30.217636
808,SUDAN,rock,31123749,SD,12.862807,30.217636
809,SUDAN,pop,27241802,SD,12.862807,30.217636
810,SUDAN,electronic,11276051,SD,12.862807,30.217636
811,SUDAN,alternative,8962961,SD,12.862807,30.217636
812,SURINAME,rock,42612860,SR,3.9193050000000005,-56.02778299999999
813,SURINAME,pop,29358491,SR,3.9193050000000005,-56.02778299999999
814,SURINAME,rap,17567300,SR,3.9193050000000005,-56.02778299999999
815,SURINAME,electronic,17301778,SR,3.9193050000000005,-56.02778299999999
816,SURINAME,r&b,8925448,SR,3.9193050000000005,-56.02778299999999
817,SWEDEN,rock,35802734,SE,60.128161,18.643501
818,SWEDEN,pop,22783563,SE,60.128161,18.643501
819,SWEDEN,electronic,16716669,SE,60.128161,18.643501
820,SWEDEN,rap,16063508,SE,60.128161,18.643501
821,SWEDEN,alternative,14863352,SE,60.128161,18.643501
822,SWITZERLAND,rock,58072882,CH,46.818188,8.227511999999999
823,SWITZERLAND,pop,25279586,CH,46.818188,8.227511999999999
824,SWITZERLAND,electronic,18564573,CH,46.818188,8.227511999999999
825,SWITZERLAND,alternative,18302797,CH,46.818188,8.227511999999999
826,SWITZERLAND,blues,8513875,CH,46.818188,8.227511999999999
827,TAJIKISTAN,rock,52494036,TJ,38.861034000000004,71.276093
828,TAJIKISTAN,rap,19853540,TJ,38.861034000000004,71.276093
829,TAJIKISTAN,pop,15452293,TJ,38.861034000000004,71.276093
830,TAJIKISTAN,alternative,11736950,TJ,38.861034000000004,71.276093
831,TAJIKISTAN,folk,7111180,TJ,38.861034000000004,71.276093
832,THAILAND,rock,42835624,TH,15.870032,100.992541
833,THAILAND,pop,28588705,TH,15.870032,100.992541
834,THAILAND,alternative,28122218,TH,15.870032,100.992541
835,THAILAND,electronic,17620468,TH,15.870032,100.992541
836,THAILAND,rap,14294933,TH,15.870032,100.992541
837,TIMOR-LESTE,rock,37129301,TL,-8.874217,125.727539
838,TIMOR-LESTE,pop,18833667,TL,-8.874217,125.727539
839,TIMOR-LESTE,alternative,18097886,TL,-8.874217,125.727539
840,TIMOR-LESTE,rap,8273660,TL,-8.874217,125.727539
841,TIMOR-LESTE,folk,7248348,TL,-8.874217,125.727539
842,TOGO,rock,32309162,TG,8.619543,0.824782
843,TOGO,rap,25498244,TG,8.619543,0.824782
844,TOGO,pop,13242300,TG,8.619543,0.824782
845,TOGO,electronic,12301046,TG,8.619543,0.824782
846,TOGO,alternative,10973439,TG,8.619543,0.824782
847,TONGA,rock,56961141,TO,-21.178986,-175.198242
848,TONGA,alternative,27805854,TO,-21.178986,-175.198242
849,TONGA,pop,24930423,TO,-21.178986,-175.198242
850,TONGA,rap,15885333,TO,-21.178986,-175.198242
851,TONGA,electronic,11573532,TO,-21.178986,-175.198242
852,TRINIDAD AND TOBAGO,rap,35415184,TT,10.691803,-61.222503
853,TRINIDAD AND TOBAGO,pop,30071018,TT,10.691803,-61.222503
854,TRINIDAD AND TOBAGO,rock,29415342,TT,10.691803,-61.222503
855,TRINIDAD AND TOBAGO,electronic,13394820,TT,10.691803,-61.222503
856,TRINIDAD AND TOBAGO,alternative,10916865,TT,10.691803,-61.222503
857,TUNISIA,rock,44882028,TN,33.886917,9.537499
858,TUNISIA,electronic,27097597,TN,33.886917,9.537499
859,TUNISIA,alternative,19861438,TN,33.886917,9.537499
860,TUNISIA,rap,18101848,TN,33.886917,9.537499
861,TUNISIA,pop,17933325,TN,33.886917,9.537499
862,TURKEY,rock,43524124,TR,38.963745,35.243322
863,TURKEY,pop,17789138,TR,38.963745,35.243322
864,TURKEY,alternative,16370695,TR,38.963745,35.243322
865,TURKEY,electronic,14734199,TR,38.963745,35.243322
866,TURKEY,rap,7274062,TR,38.963745,35.243322
867,TURKMENISTAN,rock,61807184,TM,38.969719,59.556278000000006
868,TURKMENISTAN,alternative,28342095,TM,38.969719,59.556278000000006
869,TURKMENISTAN,pop,22611399,TM,38.969719,59.556278000000006
870,TURKMENISTAN,electronic,12836509,TM,38.969719,59.556278000000006
871,TURKMENISTAN,rap,5323450,TM,38.969719,59.556278000000006
872,UGANDA,rock,33060876,UG,1.373333,32.290275
873,UGANDA,rap,31949976,UG,1.373333,32.290275
874,UGANDA,electronic,21646515,UG,1.373333,32.290275
875,UGANDA,alternative,17303803,UG,1.373333,32.290275
876,UGANDA,pop,15631652,UG,1.373333,32.290275
877,UKRAINE,rock,75085890,UA,48.379433,31.16558
878,UKRAINE,alternative,29188001,UA,48.379433,31.16558
879,UKRAINE,pop,20702948,UA,48.379433,31.16558
880,UKRAINE,electronic,16883462,UA,48.379433,31.16558
881,UKRAINE,blues,6579549,UA,48.379433,31.16558
882,UNITED ARAB EMIRATES,rock,40130138,AE,23.424076,53.847818000000004
883,UNITED ARAB EMIRATES,alternative,27006180,AE,23.424076,53.847818000000004
884,UNITED ARAB EMIRATES,pop,26310532,AE,23.424076,53.847818000000004
885,UNITED ARAB EMIRATES,electronic,22562067,AE,23.424076,53.847818000000004
886,UNITED ARAB EMIRATES,rap,21133712,AE,23.424076,53.847818000000004
887,UNITED KINGDOM,rock,72645488,GB,55.378051,-3.435973
888,UNITED KINGDOM,pop,26145260,GB,55.378051,-3.435973
889,UNITED KINGDOM,alternative,23995261,GB,55.378051,-3.435973
890,UNITED KINGDOM,electronic,11945711,GB,55.378051,-3.435973
891,UNITED KINGDOM,rap,9954863,GB,55.378051,-3.435973
892,UNITED STATES,rock,60413230,US,37.09024,-95.712891
893,UNITED STATES,pop,23956236,US,37.09024,-95.712891
894,UNITED STATES,alternative,20344457,US,37.09024,-95.712891
895,UNITED STATES,rap,17237290,US,37.09024,-95.712891
896,UNITED STATES,electronic,12909319,US,37.09024,-95.712891
897,URUGUAY,rock,61428883,UY,-32.522779,-55.765834999999996
898,URUGUAY,alternative,37044756,UY,-32.522779,-55.765834999999996
899,URUGUAY,pop,21607408,UY,-32.522779,-55.765834999999996
900,URUGUAY,electronic,17304936,UY,-32.522779,-55.765834999999996
901,URUGUAY,blues,6579549,UY,-32.522779,-55.765834999999996
902,UZBEKISTAN,rock,72776004,UZ,41.377491,64.585262
903,UZBEKISTAN,alternative,35962542,UZ,41.377491,64.585262
904,UZBEKISTAN,pop,24033569,UZ,41.377491,64.585262
905,UZBEKISTAN,electronic,16883462,UZ,41.377491,64.585262
906,UZBEKISTAN,rap,5057256,UZ,41.377491,64.585262
907,VANUATU,rock,29214484,VU,-15.376706,166.959158
908,VANUATU,alternative,23337347,VU,-15.376706,166.959158
909,VANUATU,electronic,20802255,VU,-15.376706,166.959158
910,VANUATU,pop,12150028,VU,-15.376706,166.959158
911,VANUATU,rap,7706536,VU,-15.376706,166.959158
912,YEMEN,pop,31292608,YE,15.552726999999999,48.516388
913,YEMEN,rock,29979597,YE,15.552726999999999,48.516388
914,YEMEN,rap,28277527,YE,15.552726999999999,48.516388
915,YEMEN,electronic,11678284,YE,15.552726999999999,48.516388
916,YEMEN,alternative,11039857,YE,15.552726999999999,48.516388
917,ZAMBIA,rock,40213984,ZM,-13.133897,27.849332
918,ZAMBIA,rap,20516997,ZM,-13.133897,27.849332
919,ZAMBIA,pop,19888250,ZM,-13.133897,27.849332
920,ZAMBIA,folk,11468629,ZM,-13.133897,27.849332
921,ZAMBIA,r&b,8678990,ZM,-13.133897,27.849332
922,ZIMBABWE,rock,60324479,ZW,-19.015438,29.154857
923,ZIMBABWE,pop,23451486,ZW,-19.015438,29.154857
924,ZIMBABWE,alternative,16529486,ZW,-19.015438,29.154857
925,ZIMBABWE,rap,16355404,ZW,-19.015438,29.154857
926,ZIMBABWE,electronic,15778958,ZW,-19.015438,29.154857
