country,name_genre,total listeners,country_code,latitude,longitude
AFGHANISTAN,rock,58149382,AF,33.93911,67.709953
AFGHANISTAN,electronic,18061603,AF,33.93911,67.709953
AFGHANISTAN,pop,14996276,AF,33.93911,67.709953
AFGHANISTAN,alternative,14078259,AF,33.93911,67.709953
AFGHANISTAN,blues,6579549,AF,33.93911,67.709953
ALBANIA,rock,54034789,AL,41.153332,20.168331
ALBANIA,alternative,28923220,AL,41.153332,20.168331
ALBANIA,electronic,17864364,AL,41.153332,20.168331
ALBANIA,rap,17237290,AL,41.153332,20.168331
ALBANIA,pop,13717456,AL,41.153332,20.168331
ALGERIA,rock,62477645,DZ,28.033886,1.659626
ALGERIA,alternative,22239604,DZ,28.033886,1.659626
ALGERIA,electronic,19759004,DZ,28.033886,1.659626
ALGERIA,rap,18006082,DZ,28.033886,1.659626
ALGERIA,pop,17049846,DZ,28.033886,1.659626
AMERICAN SAMOA,rock,46194568,AS,-14.270972,-170.132217
AMERICAN SAMOA,alternative,22301945,AS,-14.270972,-170.132217
AMERICAN SAMOA,rap,22227359,AS,-14.270972,-170.132217
AMERICAN SAMOA,electronic,14803768,AS,-14.270972,-170.132217
AMERICAN SAMOA,pop,12420177,AS,-14.270972,-170.132217
ANDORRA,rock,61882675,AD,42.546245,1.601554
ANDORRA,alternative,33624696,AD,42.546245,1.601554
ANDORRA,electronic,17752307,AD,42.546245,1.601554
ANDORRA,pop,12404976,AD,42.546245,1.601554
ANDORRA,funk,4935007,AD,42.546245,1.601554
ANGOLA,rock,38013136,AO,-11.202692,17.873887
ANGOLA,pop,34961199,AO,-11.202692,17.873887
ANGOLA,rap,24507356,AO,-11.202692,17.873887
ANGOLA,electronic,18439054,AO,-11.202692,17.873887
ANGOLA,folk,11342781,AO,-11.202692,17.873887
ANGUILLA,rock,25540351,AI,18.220554,-63.068615
ANGUILLA,rap,24065010,AI,18.220554,-63.068615
ANGUILLA,pop,22146854,AI,18.220554,-63.068615
ANGUILLA,electronic,9583336,AI,18.220554,-63.068615
ANGUILLA,r&b,7802345,AI,18.220554,-63.068615
ANTIGUA AND BARBUDA,rock,30701816,AG,17.060816,-61.796428
ANTIGUA AND BARBUDA,rap,30216742,AG,17.060816,-61.796428
ANTIGUA AND BARBUDA,pop,24589156,AG,17.060816,-61.796428
ANTIGUA AND BARBUDA,electronic,16370560,AG,17.060816,-61.796428
ANTIGUA AND BARBUDA,r&b,12161678,AG,17.060816,-61.796428
ARGENTINA,rock,68393902,AR,-38.416097,-63.616672
ARGENTINA,alternative,39014159,AR,-38.416097,-63.616672
ARGENTINA,pop,17056239,AR,-38.416097,-63.616672
ARGENTINA,electronic,12648793,AR,-38.416097,-63.616672
ARGENTINA,blues,6578912,AR,-38.416097,-63.616672
ARMENIA,rock,64682956,AM,40.069099,45.038189
ARMENIA,alternative,27282880,AM,40.069099,45.038189
ARMENIA,pop,20549458,AM,40.069099,45.038189
ARMENIA,electronic,14734199,AM,40.069099,45.038189
ARMENIA,rap,9954863,AM,40.069099,45.038189
ARUBA,rock,27182658,AW,12.52111,-69.968338
ARUBA,pop,23113225,AW,12.52111,-69.968338
ARUBA,rap,22735495,AW,12.52111,-69.968338
ARUBA,electronic,16380155,AW,12.52111,-69.968338
ARUBA,r&b,15932378,AW,12.52111,-69.968338
AUSTRALIA,rock,54547004,AU,-25.274398,133.775136
AUSTRALIA,alternative,25661955,AU,-25.274398,133.775136
AUSTRALIA,pop,20844920,AU,-25.274398,133.775136
AUSTRALIA,rap,19356928,AU,-25.274398,133.775136
AUSTRALIA,electronic,13500321,AU,-25.274398,133.775136
AUSTRIA,rock,83267921,AT,47.516231,14.550072
AUSTRIA,pop,26692664,AT,47.516231,14.550072
AUSTRIA,alternative,24410203,AT,47.516231,14.550072
AUSTRIA,electronic,12022566,AT,47.516231,14.550072
AUSTRIA,blues,6579549,AT,47.516231,14.550072
AZERBAIJAN,rock,60217469,AZ,40.143105,47.576927
AZERBAIJAN,alternative,28330587,AZ,40.143105,47.576927
AZERBAIJAN,electronic,20298177,AZ,40.143105,47.576927
AZERBAIJAN,pop,19943771,AZ,40.143105,47.576927
AZERBAIJAN,blues,6579549,AZ,40.143105,47.576927
BAHAMAS,rap,32281406,BS,25.03428,-77.39628
BAHAMAS,rock,26869345,BS,25.03428,-77.39628
BAHAMAS,pop,20579781,BS,25.03428,-77.39628
BAHAMAS,electronic,14127559,BS,25.03428,-77.39628
BAHAMAS,alternative,9957339,BS,25.03428,-77.39628
BAHRAIN,rock,48778374,BH,25.930414,50.637772
BAHRAIN,alternative,29935185,BH,25.930414,50.637772
BAHRAIN,pop,26106363,BH,25.930414,50.637772
BAHRAIN,rap,18006082,BH,25.930414,50.637772
BAHRAIN,electronic,15316978,BH,25.930414,50.637772
BANGLADESH,rock,65188948,BD,23.684994,90.356331
BANGLADESH,alternative,25959486,BD,23.684994,90.356331
BANGLADESH,pop,23381964,BD,23.684994,90.356331
BANGLADESH,electronic,13477391,BD,23.684994,90.356331
BANGLADESH,rap,7176894,BD,23.684994,90.356331
BARBADOS,rap,39201010,BB,13.193887,-59.543198
BARBADOS,rock,22522130,BB,13.193887,-59.543198
BARBADOS,pop,20777932,BB,13.193887,-59.543198
BARBADOS,electronic,16480587,BB,13.193887,-59.543198
BARBADOS,folk,11043190,BB,13.193887,-59.543198
BELARUS,rock,67887354,BY,53.709807,27.953389
BELARUS,alternative,25784823,BY,53.709807,27.953389
BELARUS,pop,20702948,BY,53.709807,27.953389
BELARUS,electronic,16883462,BY,53.709807,27.953389
BELARUS,blues,6579549,BY,53.709807,27.953389
BELGIUM,rock,73309993,BE,50.503887,4.469936
BELGIUM,alternative,19638863,BE,50.503887,4.469936
BELGIUM,electronic,16259036,BE,50.503887,4.469936
BELGIUM,pop,15623405,BE,50.503887,4.469936
BELGIUM,blues,6578220,BE,50.503887,4.469936
BELIZE,rock,58838859,BZ,17.189877,-88.49765
BELIZE,alternative,27193353,BZ,17.189877,-88.49765
BELIZE,pop,17058108,BZ,17.189877,-88.49765
BELIZE,electronic,15934429,BZ,17.189877,-88.49765
BELIZE,r&b,12917478,BZ,17.189877,-88.49765
BENIN,rock,22998092,BJ,9.30769,2.315834
BENIN,pop,17947358,BJ,9.30769,2.315834
BENIN,blues,8440342,BJ,9.30769,2.315834
BENIN,r&b,7575784,BJ,9.30769,2.315834
BENIN,folk,7037613,BJ,9.30769,2.315834
BERMUDA,rock,33561794,BM,32.321384,-64.75737
BERMUDA,pop,19144119,BM,32.321384,-64.75737
BERMUDA,electronic,17047343,BM,32.321384,-64.75737
BERMUDA,r&b,13078791,BM,32.321384,-64.75737
BERMUDA,rap,12248500,BM,32.321384,-64.75737
BHUTAN,rock,24672595,BT,27.514162,90.433601
BHUTAN,electronic,21703490,BT,27.514162,90.433601
BHUTAN,alternative,10608599,BT,27.514162,90.433601
BHUTAN,pop,10587723,BT,27.514162,90.433601
BHUTAN,irish folk,3717206,BT,27.514162,90.433601
BOSNIA AND HERZEGOVINA,rock,60782100,BA,43.915886,17.679076
BOSNIA AND HERZEGOVINA,alternative,25901926,BA,43.915886,17.679076
BOSNIA AND HERZEGOVINA,pop,20592420,BA,43.915886,17.679076
BOSNIA AND HERZEGOVINA,electronic,18148914,BA,43.915886,17.679076
BOSNIA AND HERZEGOVINA,rap,16159274,BA,43.915886,17.679076
BOTSWANA,rock,37621533,BW,-22.328474,24.684866
BOTSWANA,pop,24993436,BW,-22.328474,24.684866
BOTSWANA,folk,14066239,BW,-22.328474,24.684866
BOTSWANA,rap,10407519,BW,-22.328474,24.684866
BOTSWANA,alternative,9956640,BW,-22.328474,24.684866
BRAZIL,rock,56128837,BR,-14.235004,-51.92528
BRAZIL,alternative,29801753,BR,-14.235004,-51.92528
BRAZIL,pop,20515946,BR,-14.235004,-51.92528
BRAZIL,electronic,17637713,BR,-14.235004,-51.92528
BRAZIL,rap,14294933,BR,-14.235004,-51.92528
BRUNEI DARUSSALAM,rock,39867844,BN,4.535277,114.727669
BRUNEI DARUSSALAM,rap,24066255,BN,4.535277,114.727669
BRUNEI DARUSSALAM,alternative,23207012,BN,4.535277,114.727669
BRUNEI DARUSSALAM,pop,20970077,BN,4.535277,114.727669
BRUNEI DARUSSALAM,electronic,10351750,BN,4.535277,114.727669
BULGARIA,rock,71963507,BG,42.733883,25.48583
BULGARIA,alternative,35262583,BG,42.733883,25.48583
BULGARIA,pop,26693022,BG,42.733883,25.48583
BULGARIA,electronic,10594740,BG,42.733883,25.48583
BULGARIA,blues,6578912,BG,42.733883,25.48583
BURKINA FASO,rock,65754909,BF,12.238333,-1.561593
BURKINA FASO,alternative,29346857,BF,12.238333,-1.561593
BURKINA FASO,pop,16281769,BF,12.238333,-1.561593
BURKINA FASO,rap,15885333,BF,12.238333,-1.561593
BURKINA FASO,electronic,9893628,BF,12.238333,-1.561593
BURUNDI,rock,80800178,BI,-3.373056,29.918886
BURUNDI,alternative,21044049,BI,-3.373056,29.918886
BURUNDI,pop,14997233,BI,-3.373056,29.918886
BURUNDI,electronic,14550723,BI,-3.373056,29.918886
BURUNDI,funk,4935007,BI,-3.373056,29.918886
CAMBODIA,rock,46859963,KH,12.565679,104.990963
CAMBODIA,electronic,21079226,KH,12.565679,104.990963
CAMBODIA,rap,15885042,KH,12.565679,104.990963
CAMBODIA,pop,15537664,KH,12.565679,104.990963
CAMBODIA,alternative,12043213,KH,12.565679,104.990963
CAMEROON,rap,30447672,CM,7.369722,12.354722
CAMEROON,rock,26589852,CM,7.369722,12.354722
CAMEROON,pop,18031647,CM,7.369722,12.354722
CAMEROON,alternative,15853823,CM,7.369722,12.354722
CAMEROON,r&b,11217611,CM,7.369722,12.354722
CANADA,rock,59915303,CA,56.130366,-106.346771
CANADA,pop,26615236,CA,56.130366,-106.346771
CANADA,alternative,22073101,CA,56.130366,-106.346771
CANADA,rap,18006082,CA,56.130366,-106.346771
CANADA,electronic,12909319,CA,56.130366,-106.346771
CAYMAN ISLANDS,rock,58763688,KY,19.513469,-80.566956
CAYMAN ISLANDS,alternative,27504313,KY,19.513469,-80.566956
CAYMAN ISLANDS,pop,20216084,KY,19.513469,-80.566956
CAYMAN ISLANDS,electronic,14203830,KY,19.513469,-80.566956
CAYMAN ISLANDS,rap,12337136,KY,19.513469,-80.566956
CHAD,rock,44645929,TD,15.454166,18.732207
CHAD,electronic,15731110,TD,15.454166,18.732207
CHAD,alternative,6972136,TD,15.454166,18.732207
CHAD,pop,4682018,TD,15.454166,18.732207
CHAD,icelandic,2368334,TD,15.454166,18.732207
CHILE,rock,67945239,CL,-35.675147,-71.542969
CHILE,alternative,35098161,CL,-35.675147,-71.542969
CHILE,electronic,14174771,CL,-35.675147,-71.542969
CHILE,pop,10896183,CL,-35.675147,-71.542969
CHILE,blues,6578912,CL,-35.675147,-71.542969
CHINA,rock,33754078,CN,35.86166,104.195397
CHINA,pop,31239139,CN,35.86166,104.195397
CHINA,rap,19191138,CN,35.86166,104.195397
CHINA,electronic,16634513,CN,35.86166,104.195397
CHINA,folk,11229163,CN,35.86166,104.195397
COLOMBIA,rock,71140438,CO,4.570868,-74.297333
COLOMBIA,alternative,34189010,CO,4.570868,-74.297333
COLOMBIA,pop,19067783,CO,4.570868,-74.297333
COLOMBIA,electronic,10760056,CO,4.570868,-74.297333
COLOMBIA,blues,6578912,CO,4.570868,-74.297333
CONGO,rock,31106720,CD,-4.038333,21.758664
CONGO,rap,22194579,CD,-4.038333,21.758664
CONGO,electronic,15093315,CD,-4.038333,21.758664
CONGO,alternative,11432650,CD,-4.038333,21.758664
CONGO,pop,9567125,CD,-4.038333,21.758664
COSTA RICA,rock,68202886,CR,9.748917,-83.753428
COSTA RICA,alternative,42158463,CR,9.748917,-83.753428
COSTA RICA,pop,17056239,CR,9.748917,-83.753428
COSTA RICA,electronic,10760056,CR,9.748917,-83.753428
COSTA RICA,blues,6578912,CR,9.748917,-83.753428
CROATIA,rock,78307140,HR,45.1,15.2
CROATIA,alternative,27698177,HR,45.1,15.2
CROATIA,pop,16673154,HR,45.1,15.2
CROATIA,electronic,11945711,HR,45.1,15.2
CROATIA,blues,6578912,HR,45.1,15.2
CUBA,rock,51290013,CU,21.521757,-77.781167
CUBA,alternative,27731383,CU,21.521757,-77.781167
CUBA,pop,23374347,CU,21.521757,-77.781167
CUBA,electronic,19172104,CU,21.521757,-77.781167
CUBA,rap,13082493,CU,21.521757,-77.781167
CYPRUS,rock,72535999,CY,35.126413,33.429859
CYPRUS,alternative,36673627,CY,35.126413,33.429859
CYPRUS,pop,23752188,CY,35.126413,33.429859
CYPRUS,electronic,13724905,CY,35.126413,33.429859
CYPRUS,blues,6579549,CY,35.126413,33.429859
DENMARK,rock,39334295,DK,56.26392,9.501785
DENMARK,pop,25594021,DK,56.26392,9.501785
DENMARK,rap,19192540,DK,56.26392,9.501785
DENMARK,alternative,18303496,DK,56.26392,9.501785
DENMARK,electronic,17743445,DK,56.26392,9.501785
DJIBOUTI,rock,64914738,DJ,11.825138,42.590275
DJIBOUTI,alternative,26899702,DJ,11.825138,42.590275
DJIBOUTI,pop,13070826,DJ,11.825138,42.590275
DJIBOUTI,rap,10787211,DJ,11.825138,42.590275
DJIBOUTI,electronic,6752888,DJ,11.825138,42.590275
DOMINICA,rock,41107479,DM,15.414999,-61.370976
DOMINICA,pop,14219334,DM,15.414999,-61.370976
DOMINICA,rap,13701353,DM,15.414999,-61.370976
DOMINICA,electronic,9666266,DM,15.414999,-61.370976
DOMINICA,alternative,7554283,DM,15.414999,-61.370976
DOMINICAN REPUBLIC,rock,41064965,DO,18.735693,-70.162651
DOMINICAN REPUBLIC,alternative,30591405,DO,18.735693,-70.162651
DOMINICAN REPUBLIC,pop,23868135,DO,18.735693,-70.162651
DOMINICAN REPUBLIC,electronic,21227858,DO,18.735693,-70.162651
DOMINICAN REPUBLIC,rap,16132700,DO,18.735693,-70.162651
ECUADOR,rock,71254127,EC,-1.831239,-78.183406
ECUADOR,alternative,31151115,EC,-1.831239,-78.183406
ECUADOR,pop,21605532,EC,-1.831239,-78.183406
ECUADOR,electronic,13890221,EC,-1.831239,-78.183406
ECUADOR,blues,6579549,EC,-1.831239,-78.183406
EGYPT,rock,56711625,EG,26.820553,30.802498
EGYPT,pop,22386309,EG,26.820553,30.802498
EGYPT,alternative,21092421,EG,26.820553,30.802498
EGYPT,electronic,19147352,EG,26.820553,30.802498
EGYPT,rap,6998428,EG,26.820553,30.802498
EL SALVADOR,rock,71272103,SV,13.794185,-88.89653
EL SALVADOR,alternative,36742195,SV,13.794185,-88.89653
EL SALVADOR,electronic,15728902,SV,13.794185,-88.89653
EL SALVADOR,pop,14163046,SV,13.794185,-88.89653
EL SALVADOR,rap,7176894,SV,13.794185,-88.89653
EQUATORIAL GUINEA,rock,4700178,GQ,1.650801,10.267895
EQUATORIAL GUINEA,folk,877852,GQ,1.650801,10.267895
EQUATORIAL GUINEA,pop,91375,GQ,1.650801,10.267895
ESTONIA,rock,62871399,EE,58.595272,25.013607
ESTONIA,alternative,27007193,EE,58.595272,25.013607
ESTONIA,pop,26528233,EE,58.595272,25.013607
ESTONIA,electronic,22769576,EE,58.595272,25.013607
ESTONIA,rap,9954863,EE,58.595272,25.013607
ETHIOPIA,rock,55552891,ET,9.145,40.489673
ETHIOPIA,pop,18249096,ET,9.145,40.489673
ETHIOPIA,electronic,15894331,ET,9.145,40.489673
ETHIOPIA,alternative,14474044,ET,9.145,40.489673
ETHIOPIA,rap,11897437,ET,9.145,40.489673
FAROE ISLANDS,rock,57167293,FO,61.892635,-6.911806
FAROE ISLANDS,pop,26840878,FO,61.892635,-6.911806
FAROE ISLANDS,electronic,13966328,FO,61.892635,-6.911806
FAROE ISLANDS,rap,12175295,FO,61.892635,-6.911806
FAROE ISLANDS,r&b,6593164,FO,61.892635,-6.911806
FIJI,rap,26908216,FJ,-16.578193,179.414413
FIJI,rock,26080466,FJ,-16.578193,179.414413
FIJI,electronic,19895887,FJ,-16.578193,179.414413
FIJI,pop,19234844,FJ,-16.578193,179.414413
FIJI,alternative,14703500,FJ,-16.578193,179.414413
FINLAND,rock,44717688,FI,61.92411,25.748151
FINLAND,pop,17282140,FI,61.92411,25.748151
FINLAND,electronic,15864856,FI,61.92411,25.748151
FINLAND,alternative,14626565,FI,61.92411,25.748151
FINLAND,blues,6630207,FI,61.92411,25.748151
FRANCE,rock,59433309,FR,46.227638,2.213749
FRANCE,electronic,22863553,FR,46.227638,2.213749
FRANCE,pop,19943318,FR,46.227638,2.213749
FRANCE,alternative,19643313,FR,46.227638,2.213749
FRANCE,rap,9954863,FR,46.227638,2.213749
FRENCH GUIANA,rock,53568185,GF,3.933889,-53.125782
FRENCH GUIANA,pop,22702837,GF,3.933889,-53.125782
FRENCH GUIANA,rap,13932815,GF,3.933889,-53.125782
FRENCH GUIANA,electronic,12437033,GF,3.933889,-53.125782
FRENCH GUIANA,alternative,10681866,GF,3.933889,-53.125782
FRENCH POLYNESIA,rock,35173602,PF,-17.679742,-149.406843
FRENCH POLYNESIA,alternative,20999159,PF,-17.679742,-149.406843
FRENCH POLYNESIA,pop,17073653,PF,-17.679742,-149.406843
FRENCH POLYNESIA,electronic,10335940,PF,-17.679742,-149.406843
FRENCH POLYNESIA,r&b,9830591,PF,-17.679742,-149.406843
GABON,rock,37739204,GA,-0.803689,11.609444
GABON,rap,27438305,GA,-0.803689,11.609444
GABON,r&b,14783108,GA,-0.803689,11.609444
GABON,alternative,12891174,GA,-0.803689,11.609444
GABON,electronic,9144741,GA,-0.803689,11.609444
GAMBIA,rock,52968960,GM,13.443182,-15.310139
GAMBIA,alternative,30053605,GM,13.443182,-15.310139
GAMBIA,rap,27128254,GM,13.443182,-15.310139
GAMBIA,electronic,10434297,GM,13.443182,-15.310139
GAMBIA,folk,7080777,GM,13.443182,-15.310139
GEORGIA,rock,57517681,GE,42.315407,43.356892
GEORGIA,alternative,29384867,GE,42.315407,43.356892
GEORGIA,electronic,25426492,GE,42.315407,43.356892
GEORGIA,pop,17099390,GE,42.315407,43.356892
GEORGIA,funk,4934129,GE,42.315407,43.356892
GERMANY,rock,78204890,DE,51.165691,10.451526
GERMANY,pop,26693247,DE,51.165691,10.451526
GERMANY,alternative,26106983,DE,51.165691,10.451526
GERMANY,electronic,16678709,DE,51.165691,10.451526
GERMANY,blues,6579549,DE,51.165691,10.451526
GHANA,rap,41600000,GH,7.946527,-1.023194
GHANA,pop,20220566,GH,7.946527,-1.023194
GHANA,rock,17201315,GH,7.946527,-1.023194
GHANA,folk,12476240,GH,7.946527,-1.023194
GHANA,electronic,11166829,GH,7.946527,-1.023194
GIBRALTAR,rock,41491776,GI,36.137741,-5.345374
GIBRALTAR,pop,24900720,GI,36.137741,-5.345374
GIBRALTAR,electronic,17055816,GI,36.137741,-5.345374
GIBRALTAR,alternative,15242809,GI,36.137741,-5.345374
GIBRALTAR,rap,12248500,GI,36.137741,-5.345374
GREECE,rock,71303289,GR,39.074208,21.824312
GREECE,alternative,25967512,GR,39.074208,21.824312
GREECE,electronic,16993634,GR,39.074208,21.824312
GREECE,pop,9635009,GR,39.074208,21.824312
GREECE,blues,6579549,GR,39.074208,21.824312
GREENLAND,rock,50169081,GL,71.706936,-42.604303
GREENLAND,pop,22448388,GL,71.706936,-42.604303
GREENLAND,alternative,12546069,GL,71.706936,-42.604303
GREENLAND,rap,11051998,GL,71.706936,-42.604303
GREENLAND,electronic,5809405,GL,71.706936,-42.604303
GRENADA,rap,34404548,GD,12.262776,-61.604171
GRENADA,pop,23163297,GD,12.262776,-61.604171
GRENADA,rock,21630121,GD,12.262776,-61.604171
GRENADA,electronic,11947776,GD,12.262776,-61.604171
GRENADA,r&b,8227424,GD,12.262776,-61.604171
GUADELOUPE,rock,34298652,GP,16.995971,-62.067641
GUADELOUPE,rap,25061868,GP,16.995971,-62.067641
GUADELOUPE,electronic,17468345,GP,16.995971,-62.067641
GUADELOUPE,pop,17028712,GP,16.995971,-62.067641
GUADELOUPE,r&b,15691148,GP,16.995971,-62.067641
GUAM,rock,34838131,GU,13.444304,144.793731
GUAM,rap,27231616,GU,13.444304,144.793731
GUAM,alternative,22607637,GU,13.444304,144.793731
GUAM,pop,22482076,GU,13.444304,144.793731
GUAM,folk,11229163,GU,13.444304,144.793731
GUATEMALA,rock,74623004,GT,15.783471,-90.230759
GUATEMALA,alternative,38108795,GT,15.783471,-90.230759
GUATEMALA,pop,18712385,GT,15.783471,-90.230759
GUATEMALA,electronic,10760056,GT,15.783471,-90.230759
GUATEMALA,blues,6579549,GT,15.783471,-90.230759
GUERNSEY,rock,58338888,GG,49.465691,-2.585278
GUERNSEY,pop,26718107,GG,49.465691,-2.585278
GUERNSEY,electronic,18524448,GG,49.465691,-2.585278
GUERNSEY,alternative,16307754,GG,49.465691,-2.585278
GUERNSEY,r&b,8049184,GG,49.465691,-2.585278
GUYANA,rap,39449127,GY,4.860416,-58.93018
GUYANA,pop,23668374,GY,4.860416,-58.93018
GUYANA,rock,11912098,GY,4.860416,-58.93018
GUYANA,electronic,8640473,GY,4.860416,-58.93018
GUYANA,r&b,5471343,GY,4.860416,-58.93018
HAITI,rock,22298341,HT,18.971187,-72.285215
HAITI,rap,21858750,HT,18.971187,-72.285215
HAITI,pop,17770449,HT,18.971187,-72.285215
HAITI,alternative,13947475,HT,18.971187,-72.285215
HAITI,electronic,10360953,HT,18.971187,-72.285215
HONDURAS,rock,57140452,HN,15.199999,-86.241905
HONDURAS,alternative,30793198,HN,15.199999,-86.241905
HONDURAS,pop,19944869,HN,15.199999,-86.241905
HONDURAS,electronic,17947493,HN,15.199999,-86.241905
HONDURAS,r&b,7920213,HN,15.199999,-86.241905
HONG KONG,rock,37813308,HK,22.396428,114.109497
HONG KONG,pop,26065587,HK,22.396428,114.109497
HONG KONG,rap,21198275,HK,22.396428,114.109497
HONG KONG,electronic,19147352,HK,22.396428,114.109497
HONG KONG,alternative,9957339,HK,22.396428,114.109497
HUNGARY,rock,62148647,HU,47.162494,19.503304
HUNGARY,alternative,30726376,HU,47.162494,19.503304
HUNGARY,pop,28374421,HU,47.162494,19.503304
HUNGARY,electronic,19390342,HU,47.162494,19.503304
HUNGARY,rap,9954863,HU,47.162494,19.503304
ICELAND,rock,54521198,IS,64.963051,-19.020835
ICELAND,rap,18512718,IS,64.963051,-19.020835
ICELAND,electronic,15901694,IS,64.963051,-19.020835
ICELAND,pop,14729049,IS,64.963051,-19.020835
ICELAND,alternative,9939923,IS,64.963051,-19.020835
INDIA,rock,60324599,IN,20.593684,78.96288
INDIA,pop,23427848,IN,20.593684,78.96288
INDIA,alternative,22240303,IN,20.593684,78.96288
INDIA,electronic,16842956,IN,20.593684,78.96288
INDIA,rap,9954863,IN,20.593684,78.96288
INDONESIA,rock,50668227,ID,-0.789275,113.921327
INDONESIA,pop,17040933,ID,-0.789275,113.921327
INDONESIA,electronic,12771922,ID,-0.789275,113.921327
INDONESIA,alternative,12623302,ID,-0.789275,113.921327
INDONESIA,rap,12311661,ID,-0.789275,113.921327
"IRAN, ISLAMIC REPUBLIC OF",rock,56534195,IR,32.427908,53.688046
"IRAN, ISLAMIC REPUBLIC OF",pop,19943996,IR,32.427908,53.688046
"IRAN, ISLAMIC REPUBLIC OF",alternative,14602250,IR,32.427908,53.688046
"IRAN, ISLAMIC REPUBLIC OF",electronic,14503507,IR,32.427908,53.688046
"IRAN, ISLAMIC REPUBLIC OF",blues,6579549,IR,32.427908,53.688046
IRAQ,rock,55123667,IQ,33.223191,43.679291
IRAQ,alternative,27007193,IQ,33.223191,43.679291
IRAQ,pop,25062219,IQ,33.223191,43.679291
IRAQ,electronic,17862534,IQ,33.223191,43.679291
IRAQ,blues,6579549,IQ,33.223191,43.679291
IRELAND,rock,73181596,IE,53.41291,-8.24389
IRELAND,alternative,29554313,IE,53.41291,-8.24389
IRELAND,pop,12733034,IE,53.41291,-8.24389
IRELAND,electronic,11945711,IE,53.41291,-8.24389
IRELAND,rap,9954863,IE,53.41291,-8.24389
ISLE OF MAN,rock,91478082,IM,54.236107,-4.548056
ISLE OF MAN,alternative,23500484,IM,54.236107,-4.548056
ISLE OF MAN,pop,16916915,IM,54.236107,-4.548056
ISLE OF MAN,electronic,14734199,IM,54.236107,-4.548056
ISLE OF MAN,funk,4935007,IM,54.236107,-4.548056
ISRAEL,rock,75542554,IL,31.046051,34.851612
ISRAEL,alternative,25132243,IL,31.046051,34.851612
ISRAEL,pop,17932368,IL,31.046051,34.851612
ISRAEL,electronic,11945711,IL,31.046051,34.851612
ISRAEL,rap,11897437,IL,31.046051,34.851612
ITALY,rock,78998202,IT,41.87194,12.56738
ITALY,alternative,35200783,IT,41.87194,12.56738
ITALY,pop,17805736,IT,41.87194,12.56738
ITALY,electronic,12154275,IT,41.87194,12.56738
ITALY,blues,6578912,IT,41.87194,12.56738
JAMAICA,rap,35349016,JM,18.109581,-77.297508
JAMAICA,rock,22208395,JM,18.109581,-77.297508
JAMAICA,pop,18783394,JM,18.109581,-77.297508
JAMAICA,electronic,18705654,JM,18.109581,-77.297508
JAMAICA,r&b,10384738,JM,18.109581,-77.297508
JAPAN,rock,30967447,JP,36.204824,138.252924
JAPAN,alternative,18323344,JP,36.204824,138.252924
JAPAN,electronic,11236140,JP,36.204824,138.252924
JAPAN,pop,10205335,JP,36.204824,138.252924
JAPAN,funk,4934129,JP,36.204824,138.252924
JERSEY,rock,53931508,JE,49.214439,-2.13125
JERSEY,pop,27258156,JE,49.214439,-2.13125
JERSEY,alternative,24386940,JE,49.214439,-2.13125
JERSEY,electronic,10727720,JE,49.214439,-2.13125
JERSEY,blues,6579549,JE,49.214439,-2.13125
JORDAN,rock,61719942,JO,30.585164,36.238414
JORDAN,alternative,22257015,JO,30.585164,36.238414
JORDAN,pop,21391934,JO,30.585164,36.238414
JORDAN,rap,19015476,JO,30.585164,36.238414
JORDAN,electronic,9234078,JO,30.585164,36.238414
KAZAKHSTAN,rock,59261035,KZ,48.019573,66.923684
KAZAKHSTAN,alternative,29706220,KZ,48.019573,66.923684
KAZAKHSTAN,pop,24628415,KZ,48.019573,66.923684
KAZAKHSTAN,electronic,20013627,KZ,48.019573,66.923684
KAZAKHSTAN,rap,5057256,KZ,48.019573,66.923684
KENYA,rap,44591118,KE,-0.023559,37.906193
KENYA,rock,23355882,KE,-0.023559,37.906193
KENYA,pop,16892221,KE,-0.023559,37.906193
KENYA,electronic,14052733,KE,-0.023559,37.906193
KENYA,folk,9704483,KE,-0.023559,37.906193
"KOREA, REPUBLIC OF",rock,44203309,KP,40.339852,127.510093
"KOREA, REPUBLIC OF",pop,23778615,KP,40.339852,127.510093
"KOREA, REPUBLIC OF",rap,23140849,KP,40.339852,127.510093
"KOREA, REPUBLIC OF",alternative,18302271,KP,40.339852,127.510093
"KOREA, REPUBLIC OF",electronic,16944189,KP,40.339852,127.510093
KUWAIT,pop,30304639,KW,29.31166,47.481766
KUWAIT,electronic,25885235,KW,29.31166,47.481766
KUWAIT,rock,23748616,KW,29.31166,47.481766
KUWAIT,rap,21610210,KW,29.31166,47.481766
KUWAIT,folk,12457626,KW,29.31166,47.481766
KYRGYZSTAN,rock,64917287,KG,41.20438,74.766098
KYRGYZSTAN,alternative,27174401,KG,41.20438,74.766098
KYRGYZSTAN,pop,21963119,KG,41.20438,74.766098
KYRGYZSTAN,electronic,14734199,KG,41.20438,74.766098
KYRGYZSTAN,funk,4934129,KG,41.20438,74.766098
LAO PEOPLE'S DEMOCRATIC REPUBLIC,rock,51189846,LA,19.85627,102.495496
LAO PEOPLE'S DEMOCRATIC REPUBLIC,electronic,24286161,LA,19.85627,102.495496
LAO PEOPLE'S DEMOCRATIC REPUBLIC,pop,21415132,LA,19.85627,102.495496
LAO PEOPLE'S DEMOCRATIC REPUBLIC,alternative,9986765,LA,19.85627,102.495496
LAO PEOPLE'S DEMOCRATIC REPUBLIC,folk,9031576,LA,19.85627,102.495496
LATVIA,rock,70920471,LV,56.879635,24.603189
LATVIA,alternative,29188001,LV,56.879635,24.603189
LATVIA,pop,18711426,LV,56.879635,24.603189
LATVIA,electronic,18409440,LV,56.879635,24.603189
LATVIA,rap,9954863,LV,56.879635,24.603189
LEBANON,rock,58267111,LB,33.854721,35.862285
LEBANON,pop,22386168,LB,33.854721,35.862285
LEBANON,alternative,15940355,LB,33.854721,35.862285
LEBANON,electronic,15412509,LB,33.854721,35.862285
LEBANON,rap,9953461,LB,33.854721,35.862285
LESOTHO,rock,2869910,LS,-29.609988,28.233608
LESOTHO,blues,371710,LS,-29.609988,28.233608
LIECHTENSTEIN,rock,64430308,LI,47.166,9.555373
LIECHTENSTEIN,electronic,18058457,LI,47.166,9.555373
LIECHTENSTEIN,pop,13743125,LI,47.166,9.555373
LIECHTENSTEIN,alternative,12759489,LI,47.166,9.555373
LIECHTENSTEIN,blues,6579549,LI,47.166,9.555373
LITHUANIA,rock,78188053,LT,55.169438,23.881275
LITHUANIA,alternative,23086110,LT,55.169438,23.881275
LITHUANIA,pop,22601909,LT,55.169438,23.881275
LITHUANIA,electronic,16883462,LT,55.169438,23.881275
LITHUANIA,blues,6579549,LT,55.169438,23.881275
LUXEMBOURG,rock,79628436,LU,49.815273,6.129583
LUXEMBOURG,pop,24281024,LU,49.815273,6.129583
LUXEMBOURG,alternative,23070386,LU,49.815273,6.129583
LUXEMBOURG,electronic,14734199,LU,49.815273,6.129583
LUXEMBOURG,blues,6579549,LU,49.815273,6.129583
MACAO,rock,40040811,MO,22.198745,113.543873
MACAO,rap,23389912,MO,22.198745,113.543873
MACAO,pop,21727905,MO,22.198745,113.543873
MACAO,electronic,16919063,MO,22.198745,113.543873
MACAO,alternative,12742387,MO,22.198745,113.543873
MADAGASCAR,rock,53414427,MG,-18.766947,46.869107
MADAGASCAR,rap,19932680,MG,-18.766947,46.869107
MADAGASCAR,electronic,18350712,MG,-18.766947,46.869107
MADAGASCAR,pop,16966719,MG,-18.766947,46.869107
MADAGASCAR,folk,14812790,MG,-18.766947,46.869107
MALAWI,rap,31914955,MW,-13.254308,34.301525
MALAWI,rock,13666309,MW,-13.254308,34.301525
MALAWI,pop,12892508,MW,-13.254308,34.301525
MALAWI,electronic,8790958,MW,-13.254308,34.301525
MALAWI,blues,6769627,MW,-13.254308,34.301525
MALAYSIA,rock,47992994,MY,4.210484,101.975766
MALAYSIA,pop,27138507,MY,4.210484,101.975766
MALAYSIA,rap,21198275,MY,4.210484,101.975766
MALAYSIA,electronic,17307765,MY,4.210484,101.975766
MALAYSIA,alternative,14975439,MY,4.210484,101.975766
MALDIVES,rock,76470099,MV,3.202778,73.22068
MALDIVES,alternative,29438832,MV,3.202778,73.22068
MALDIVES,pop,21138858,MV,3.202778,73.22068
MALDIVES,rap,11897437,MV,3.202778,73.22068
MALDIVES,electronic,9234078,MV,3.202778,73.22068
MALI,rock,34243647,ML,17.570692,-3.996166
MALI,rap,31773285,ML,17.570692,-3.996166
MALI,pop,19227262,ML,17.570692,-3.996166
MALI,folk,14211487,ML,17.570692,-3.996166
MALI,electronic,9521648,ML,17.570692,-3.996166
MALTA,rock,68780272,MT,35.937496,14.375416
MALTA,pop,27446309,MT,35.937496,14.375416
MALTA,alternative,27007193,MT,35.937496,14.375416
MALTA,electronic,14866079,MT,35.937496,14.375416
MALTA,blues,6579549,MT,35.937496,14.375416
MARTINIQUE,rap,41767051,MQ,14.641528,-61.024174
MARTINIQUE,pop,19525063,MQ,14.641528,-61.024174
MARTINIQUE,electronic,19047441,MQ,14.641528,-61.024174
MARTINIQUE,rock,14256028,MQ,14.641528,-61.024174
MARTINIQUE,r&b,12122033,MQ,14.641528,-61.024174
MAURITANIA,rock,39398546,MR,21.00789,-10.940835
MAURITANIA,electronic,21082696,MR,21.00789,-10.940835
MAURITANIA,alternative,12154955,MR,21.00789,-10.940835
MAURITANIA,folk,10919142,MR,21.00789,-10.940835
MAURITANIA,pop,10095487,MR,21.00789,-10.940835
MAURITIUS,rock,40288286,MU,-20.348404,57.552152
MAURITIUS,pop,25856715,MU,-20.348404,57.552152
MAURITIUS,electronic,19032537,MU,-20.348404,57.552152
MAURITIUS,alternative,18554918,MU,-20.348404,57.552152
MAURITIUS,rap,13107073,MU,-20.348404,57.552152
MAYOTTE,rap,32535543,YT,-12.8275,45.166244
MAYOTTE,pop,18402800,YT,-12.8275,45.166244
MAYOTTE,rock,17825106,YT,-12.8275,45.166244
MAYOTTE,electronic,10092423,YT,-12.8275,45.166244
MAYOTTE,blues,5186512,YT,-12.8275,45.166244
MEXICO,rock,68784098,MX,23.634501,-102.552784
MEXICO,alternative,40857650,MX,23.634501,-102.552784
MEXICO,pop,14303852,MX,23.634501,-102.552784
MEXICO,electronic,10760056,MX,23.634501,-102.552784
MEXICO,blues,6579549,MX,23.634501,-102.552784
"MICRONESIA, FEDERATED STATES OF",rock,75480468,FM,7.425554,150.550812
"MICRONESIA, FEDERATED STATES OF",alternative,36638456,FM,7.425554,150.550812
"MICRONESIA, FEDERATED STATES OF",electronic,16859974,FM,7.425554,150.550812
"MICRONESIA, FEDERATED STATES OF",pop,15379827,FM,7.425554,150.550812
"MICRONESIA, FEDERATED STATES OF",blues,4098667,FM,7.425554,150.550812
MONACO,rock,59722360,MC,43.750298,7.412841
MONACO,alternative,17008341,MC,43.750298,7.412841
MONACO,electronic,13258672,MC,43.750298,7.412841
MONACO,pop,13068368,MC,43.750298,7.412841
MONACO,folk,10028597,MC,43.750298,7.412841
MONGOLIA,rock,46999500,MN,46.862496,103.846656
MONGOLIA,electronic,23034123,MN,46.862496,103.846656
MONGOLIA,pop,22157894,MN,46.862496,103.846656
MONGOLIA,alternative,18538044,MN,46.862496,103.846656
MONGOLIA,rap,15025633,MN,46.862496,103.846656
MONTENEGRO,rock,61060593,ME,42.708678,19.37439
MONTENEGRO,alternative,22285698,ME,42.708678,19.37439
MONTENEGRO,electronic,19142897,ME,42.708678,19.37439
MONTENEGRO,pop,8188495,ME,42.708678,19.37439
MONTENEGRO,blues,6579549,ME,42.708678,19.37439
MOROCCO,rock,45186850,MA,31.791702,-7.09262
MOROCCO,pop,24118675,MA,31.791702,-7.09262
MOROCCO,electronic,20223813,MA,31.791702,-7.09262
MOROCCO,alternative,19861752,MA,31.791702,-7.09262
MOROCCO,rap,19014181,MA,31.791702,-7.09262
MOZAMBIQUE,rock,57193829,MZ,-18.665695,35.529562
MOZAMBIQUE,pop,23844018,MZ,-18.665695,35.529562
MOZAMBIQUE,alternative,14505091,MZ,-18.665695,35.529562
MOZAMBIQUE,rap,12919836,MZ,-18.665695,35.529562
MOZAMBIQUE,electronic,11003966,MZ,-18.665695,35.529562
MYANMAR,rock,54674218,MM,21.913965,95.956223
MYANMAR,alternative,22334923,MM,21.913965,95.956223
MYANMAR,pop,21975491,MM,21.913965,95.956223
MYANMAR,rap,18305516,MM,21.913965,95.956223
MYANMAR,electronic,12120718,MM,21.913965,95.956223
NAMIBIA,rock,59207913,,-22.95764,18.49041
NAMIBIA,pop,23489814,,-22.95764,18.49041
NAMIBIA,alternative,21769016,,-22.95764,18.49041
NAMIBIA,rap,14315858,,-22.95764,18.49041
NAMIBIA,electronic,13209244,,-22.95764,18.49041
NEPAL,rock,74824799,NP,28.394857,84.124008
NEPAL,alternative,34609846,NP,28.394857,84.124008
NEPAL,pop,17362583,NP,28.394857,84.124008
NEPAL,blues,6579549,NP,28.394857,84.124008
NEPAL,candian,5834025,NP,28.394857,84.124008
NETHERLANDS,rock,64679021,NL,52.132633,5.291266
NETHERLANDS,alternative,25149659,NL,52.132633,5.291266
NETHERLANDS,pop,16442187,NL,52.132633,5.291266
NETHERLANDS,electronic,14877082,NL,52.132633,5.291266
NETHERLANDS,rap,7303209,NL,52.132633,5.291266
NEW CALEDONIA,rock,57114947,NC,-20.904305,165.618042
NEW CALEDONIA,electronic,20378176,NC,-20.904305,165.618042
NEW CALEDONIA,pop,19608274,NC,-20.904305,165.618042
NEW CALEDONIA,r&b,13046449,NC,-20.904305,165.618042
NEW CALEDONIA,rap,12778873,NC,-20.904305,165.618042
NEW ZEALAND,rock,65830658,NZ,-40.900557,174.885971
NEW ZEALAND,alternative,22422759,NZ,-40.900557,174.885971
NEW ZEALAND,pop,21789383,NZ,-40.900557,174.885971
NEW ZEALAND,electronic,14702513,NZ,-40.900557,174.885971
NEW ZEALAND,rap,14017075,NZ,-40.900557,174.885971
NICARAGUA,rock,51789658,NI,12.865416,-85.207229
NICARAGUA,alternative,22919754,NI,12.865416,-85.207229
NICARAGUA,electronic,22406934,NI,12.865416,-85.207229
NICARAGUA,pop,16425790,NI,12.865416,-85.207229
NICARAGUA,rap,11164499,NI,12.865416,-85.207229
NIGER,r&b,12297,NE,17.607789,8.081666
NIGERIA,rap,40186253,NG,9.081999,8.675277
NIGERIA,pop,20126147,NG,9.081999,8.675277
NIGERIA,rock,15796240,NG,9.081999,8.675277
NIGERIA,electronic,5432434,NG,9.081999,8.675277
NIGERIA,r&b,5173103,NG,9.081999,8.675277
NORFOLK ISLAND,rock,70177588,NF,-29.040835,167.954712
NORFOLK ISLAND,alternative,29684733,NF,-29.040835,167.954712
NORFOLK ISLAND,pop,6975914,NF,-29.040835,167.954712
NORFOLK ISLAND,classical,4316710,NF,-29.040835,167.954712
NORFOLK ISLAND,blues,4098667,NF,-29.040835,167.954712
NORTHERN MARIANA ISLANDS,rock,22989410,MP,17.33083,145.38469
NORTHERN MARIANA ISLANDS,rap,19812329,MP,17.33083,145.38469
NORTHERN MARIANA ISLANDS,electronic,9870081,MP,17.33083,145.38469
NORTHERN MARIANA ISLANDS,pop,8140009,MP,17.33083,145.38469
NORTHERN MARIANA ISLANDS,alternative,5145327,MP,17.33083,145.38469
NORWAY,rock,52739431,NO,60.472024,8.468946
NORWAY,pop,21548074,NO,60.472024,8.468946
NORWAY,electronic,19386528,NO,60.472024,8.468946
NORWAY,rap,16062106,NO,60.472024,8.468946
NORWAY,blues,6579549,NO,60.472024,8.468946
OMAN,rock,37599015,OM,21.512583,55.923255
OMAN,pop,22857467,OM,21.512583,55.923255
OMAN,rap,21135114,OM,21.512583,55.923255
OMAN,electronic,20966469,OM,21.512583,55.923255
OMAN,alternative,18957678,OM,21.512583,55.923255
PAKISTAN,rock,51752178,PK,30.375321,69.345116
PAKISTAN,pop,24752888,PK,30.375321,69.345116
PAKISTAN,alternative,18537345,PK,30.375321,69.345116
PAKISTAN,rap,17143410,PK,30.375321,69.345116
PAKISTAN,electronic,14640540,PK,30.375321,69.345116
PALAU,rock,29124762,PW,7.51498,134.58252
PALAU,pop,26828490,PW,7.51498,134.58252
PALAU,rap,26761483,PW,7.51498,134.58252
PALAU,alternative,10833633,PW,7.51498,134.58252
PALAU,electronic,7041914,PW,7.51498,134.58252
PANAMA,rock,45059838,PA,8.537981,-80.782127
PANAMA,alternative,37550310,PA,8.537981,-80.782127
PANAMA,electronic,19738535,PA,8.537981,-80.782127
PANAMA,rap,19191138,PA,8.537981,-80.782127
PANAMA,pop,17854891,PA,8.537981,-80.782127
PAPUA NEW GUINEA,nsfw,810658,PG,-6.314993,143.95555
PAPUA NEW GUINEA,r&b,189918,PG,-6.314993,143.95555
PAPUA NEW GUINEA,reggae,50282,PG,-6.314993,143.95555
PAPUA NEW GUINEA,jamaican,49376,PG,-6.314993,143.95555
PAPUA NEW GUINEA,rock,5654,PG,-6.314993,143.95555
PARAGUAY,rock,73943045,PY,-23.442503,-58.443832
PARAGUAY,alternative,34741291,PY,-23.442503,-58.443832
PARAGUAY,pop,22211516,PY,-23.442503,-58.443832
PARAGUAY,electronic,10760056,PY,-23.442503,-58.443832
PARAGUAY,blues,6579549,PY,-23.442503,-58.443832
PERU,rock,67766611,PE,-9.189967,-75.015152
PERU,alternative,32851457,PE,-9.189967,-75.015152
PERU,electronic,17897025,PE,-9.189967,-75.015152
PERU,pop,17055282,PE,-9.189967,-75.015152
PERU,blues,6579549,PE,-9.189967,-75.015152
PHILIPPINES,rock,39403307,PH,12.879721,121.774017
PHILIPPINES,rap,21198275,PH,12.879721,121.774017
PHILIPPINES,pop,18349976,PH,12.879721,121.774017
PHILIPPINES,electronic,12084625,PH,12.879721,121.774017
PHILIPPINES,alternative,9802299,PH,12.879721,121.774017
POLAND,rock,66760305,PL,51.919438,19.145136
POLAND,alternative,25959486,PL,51.919438,19.145136
POLAND,pop,24285222,PL,51.919438,19.145136
POLAND,electronic,16601854,PL,51.919438,19.145136
POLAND,blues,6578857,PL,51.919438,19.145136
PORTUGAL,rock,74051451,PT,39.399872,-8.224454
PORTUGAL,alternative,32822931,PT,39.399872,-8.224454
PORTUGAL,pop,12781705,PT,39.399872,-8.224454
PORTUGAL,electronic,11945711,PT,39.399872,-8.224454
PORTUGAL,rap,6840181,PT,39.399872,-8.224454
PUERTO RICO,rock,57901267,PR,18.220833,-66.590149
PUERTO RICO,alternative,26892397,PR,18.220833,-66.590149
PUERTO RICO,pop,25361712,PR,18.220833,-66.590149
PUERTO RICO,electronic,15287919,PR,18.220833,-66.590149
PUERTO RICO,rap,12828006,PR,18.220833,-66.590149
QATAR,rock,44714756,QA,25.354826,51.183884
QATAR,pop,24753891,QA,25.354826,51.183884
QATAR,alternative,23305248,QA,25.354826,51.183884
QATAR,rap,21198275,QA,25.354826,51.183884
QATAR,electronic,17709015,QA,25.354826,51.183884
ROMANIA,rock,74452978,RO,45.943161,24.96676
ROMANIA,pop,25280459,RO,45.943161,24.96676
ROMANIA,alternative,23086110,RO,45.943161,24.96676
ROMANIA,electronic,14734199,RO,45.943161,24.96676
ROMANIA,blues,6579549,RO,45.943161,24.96676
RWANDA,rap,39654950,RW,-1.940278,29.873888
RWANDA,rock,35455576,RW,-1.940278,29.873888
RWANDA,pop,20941592,RW,-1.940278,29.873888
RWANDA,folk,9273803,RW,-1.940278,29.873888
RWANDA,electronic,9080152,RW,-1.940278,29.873888
SAINT KITTS AND NEVIS,rock,51357225,KN,17.357822,-62.782998
SAINT KITTS AND NEVIS,pop,21619521,KN,17.357822,-62.782998
SAINT KITTS AND NEVIS,rap,19015476,KN,17.357822,-62.782998
SAINT KITTS AND NEVIS,alternative,18874363,KN,17.357822,-62.782998
SAINT KITTS AND NEVIS,electronic,10482645,KN,17.357822,-62.782998
SAINT LUCIA,rock,28899894,LC,13.909444,-60.978893
SAINT LUCIA,rap,23371044,LC,13.909444,-60.978893
SAINT LUCIA,pop,19040404,LC,13.909444,-60.978893
SAINT LUCIA,electronic,17826347,LC,13.909444,-60.978893
SAINT LUCIA,folk,8129992,LC,13.909444,-60.978893
SAINT PIERRE AND MIQUELON,rock,3236949,PM,46.941936,-56.27111
SAINT VINCENT AND THE GRENADINES,rock,56748473,VC,12.984305,-61.287228
SAINT VINCENT AND THE GRENADINES,pop,24612597,VC,12.984305,-61.287228
SAINT VINCENT AND THE GRENADINES,alternative,16797008,VC,12.984305,-61.287228
SAINT VINCENT AND THE GRENADINES,folk,10895575,VC,12.984305,-61.287228
SAINT VINCENT AND THE GRENADINES,rap,8527740,VC,12.984305,-61.287228
SAMOA,rock,27958554,WS,-13.759029,-172.104629
SAMOA,alternative,18803503,WS,-13.759029,-172.104629
SAMOA,folk,14006927,WS,-13.759029,-172.104629
SAMOA,classical,4964972,WS,-13.759029,-172.104629
SAMOA,funk,4935007,WS,-13.759029,-172.104629
SAN MARINO,rock,60851760,SM,43.94236,12.457777
SAN MARINO,pop,24340598,SM,43.94236,12.457777
SAN MARINO,alternative,19379826,SM,43.94236,12.457777
SAN MARINO,folk,7099391,SM,43.94236,12.457777
SAN MARINO,rap,5548104,SM,43.94236,12.457777
SAUDI ARABIA,rock,39749504,SA,23.885942,45.079162
SAUDI ARABIA,pop,28496647,SA,23.885942,45.079162
SAUDI ARABIA,rap,21195578,SA,23.885942,45.079162
SAUDI ARABIA,electronic,19529769,SA,23.885942,45.079162
SAUDI ARABIA,alternative,10209774,SA,23.885942,45.079162
SENEGAL,rock,32809899,SN,14.497401,-14.452362
SENEGAL,rap,23437586,SN,14.497401,-14.452362
SENEGAL,pop,21747591,SN,14.497401,-14.452362
SENEGAL,electronic,10901294,SN,14.497401,-14.452362
SENEGAL,r&b,7623806,SN,14.497401,-14.452362
SERBIA,rock,61515024,RS,44.016521,21.005859
SERBIA,alternative,26905316,RS,44.016521,21.005859
SERBIA,electronic,20408349,RS,44.016521,21.005859
SERBIA,pop,15627184,RS,44.016521,21.005859
SERBIA,rap,11263069,RS,44.016521,21.005859
SEYCHELLES,rock,73005838,SC,-4.679574,55.491977
SEYCHELLES,pop,34316708,SC,-4.679574,55.491977
SEYCHELLES,electronic,11220967,SC,-4.679574,55.491977
SEYCHELLES,folk,11131762,SC,-4.679574,55.491977
SEYCHELLES,rap,6755516,SC,-4.679574,55.491977
SINGAPORE,rock,33929235,SG,1.352083,103.819836
SINGAPORE,rap,23139447,SG,1.352083,103.819836
SINGAPORE,pop,23049354,SG,1.352083,103.819836
SINGAPORE,electronic,21514992,SG,1.352083,103.819836
SINGAPORE,alternative,18660337,SG,1.352083,103.819836
SLOVAKIA,rock,74290459,SK,48.669026,19.699024
SLOVAKIA,alternative,27320258,SK,48.669026,19.699024
SLOVAKIA,pop,22604967,SK,48.669026,19.699024
SLOVAKIA,electronic,16883462,SK,48.669026,19.699024
SLOVAKIA,blues,6578912,SK,48.669026,19.699024
SLOVENIA,rock,85951643,SI,46.151241,14.995463
SLOVENIA,alternative,24267869,SI,46.151241,14.995463
SLOVENIA,pop,22610670,SI,46.151241,14.995463
SLOVENIA,electronic,14734199,SI,46.151241,14.995463
SLOVENIA,blues,6578912,SI,46.151241,14.995463
SOLOMON ISLANDS,rock,63365952,SB,-9.64571,160.156194
SOLOMON ISLANDS,alternative,28460943,SB,-9.64571,160.156194
SOLOMON ISLANDS,pop,19716337,SB,-9.64571,160.156194
SOLOMON ISLANDS,electronic,15659755,SB,-9.64571,160.156194
SOLOMON ISLANDS,rap,10829188,SB,-9.64571,160.156194
SOUTH AFRICA,rock,81464897,ZA,-30.559482,22.937506
SOUTH AFRICA,alternative,34605966,ZA,-30.559482,22.937506
SOUTH AFRICA,pop,26692019,ZA,-30.559482,22.937506
SOUTH AFRICA,electronic,11945711,ZA,-30.559482,22.937506
SOUTH AFRICA,blues,6578912,ZA,-30.559482,22.937506
SPAIN,rock,79273686,ES,40.463667,-3.74922
SPAIN,alternative,31282957,ES,40.463667,-3.74922
SPAIN,pop,17636768,ES,40.463667,-3.74922
SPAIN,electronic,13890221,ES,40.463667,-3.74922
SPAIN,blues,6578912,ES,40.463667,-3.74922
SRI LANKA,rock,34932756,LK,7.873054,80.771797
SRI LANKA,pop,29651961,LK,7.873054,80.771797
SRI LANKA,rap,19590139,LK,7.873054,80.771797
SRI LANKA,electronic,15313212,LK,7.873054,80.771797
SRI LANKA,alternative,13911020,LK,7.873054,80.771797
SUDAN,rap,34725266,SD,12.862807,30.217636
SUDAN,rock,31123749,SD,12.862807,30.217636
SUDAN,pop,27241802,SD,12.862807,30.217636
SUDAN,electronic,11276051,SD,12.862807,30.217636
SUDAN,alternative,8962961,SD,12.862807,30.217636
SURINAME,rock,42612860,SR,3.919305,-56.027783
SURINAME,pop,29358491,SR,3.919305,-56.027783
SURINAME,rap,17567300,SR,3.919305,-56.027783
SURINAME,electronic,17301778,SR,3.919305,-56.027783
SURINAME,r&b,8925448,SR,3.919305,-56.027783
SWEDEN,rock,35802734,SE,60.128161,18.643501
SWEDEN,pop,22783563,SE,60.128161,18.643501
SWEDEN,electronic,16716669,SE,60.128161,18.643501
SWEDEN,rap,16063508,SE,60.128161,18.643501
SWEDEN,alternative,14863352,SE,60.128161,18.643501
SWITZERLAND,rock,58072882,CH,46.818188,8.227512
SWITZERLAND,pop,25279586,CH,46.818188,8.227512
SWITZERLAND,electronic,18564573,CH,46.818188,8.227512
SWITZERLAND,alternative,18302797,CH,46.818188,8.227512
SWITZERLAND,blues,8513875,CH,46.818188,8.227512
TAJIKISTAN,rock,52494036,TJ,38.861034,71.276093
TAJIKISTAN,rap,19853540,TJ,38.861034,71.276093
TAJIKISTAN,pop,15452293,TJ,38.861034,71.276093
TAJIKISTAN,alternative,11736950,TJ,38.861034,71.276093
TAJIKISTAN,folk,7111180,TJ,38.861034,71.276093
THAILAND,rock,42835624,TH,15.870032,100.992541
THAILAND,pop,28588705,TH,15.870032,100.992541
THAILAND,alternative,28122218,TH,15.870032,100.992541
THAILAND,electronic,17620468,TH,15.870032,100.992541
THAILAND,rap,14294933,TH,15.870032,100.992541
TIMOR-LESTE,rock,37129301,TL,-8.874217,125.727539
TIMOR-LESTE,pop,18833667,TL,-8.874217,125.727539
TIMOR-LESTE,alternative,18097886,TL,-8.874217,125.727539
TIMOR-LESTE,rap,8273660,TL,-8.874217,125.727539
TIMOR-LESTE,folk,7248348,TL,-8.874217,125.727539
TOGO,rock,32309162,TG,8.619543,0.824782
TOGO,rap,25498244,TG,8.619543,0.824782
TOGO,pop,13242300,TG,8.619543,0.824782
TOGO,electronic,12301046,TG,8.619543,0.824782
TOGO,alternative,10973439,TG,8.619543,0.824782
TONGA,rock,56961141,TO,-21.178986,-175.198242
TONGA,alternative,27805854,TO,-21.178986,-175.198242
TONGA,pop,24930423,TO,-21.178986,-175.198242
TONGA,rap,15885333,TO,-21.178986,-175.198242
TONGA,electronic,11573532,TO,-21.178986,-175.198242
TRINIDAD AND TOBAGO,rap,35415184,TT,10.691803,-61.222503
TRINIDAD AND TOBAGO,pop,30071018,TT,10.691803,-61.222503
TRINIDAD AND TOBAGO,rock,29415342,TT,10.691803,-61.222503
TRINIDAD AND TOBAGO,electronic,13394820,TT,10.691803,-61.222503
TRINIDAD AND TOBAGO,alternative,10916865,TT,10.691803,-61.222503
TUNISIA,rock,44882028,TN,33.886917,9.537499
TUNISIA,electronic,27097597,TN,33.886917,9.537499
TUNISIA,alternative,19861438,TN,33.886917,9.537499
TUNISIA,rap,18101848,TN,33.886917,9.537499
TUNISIA,pop,17933325,TN,33.886917,9.537499
TURKEY,rock,43524124,TR,38.963745,35.243322
TURKEY,pop,17789138,TR,38.963745,35.243322
TURKEY,alternative,16370695,TR,38.963745,35.243322
TURKEY,electronic,14734199,TR,38.963745,35.243322
TURKEY,rap,7274062,TR,38.963745,35.243322
TURKMENISTAN,rock,61807184,TM,38.969719,59.556278
TURKMENISTAN,alternative,28342095,TM,38.969719,59.556278
TURKMENISTAN,pop,22611399,TM,38.969719,59.556278
TURKMENISTAN,electronic,12836509,TM,38.969719,59.556278
TURKMENISTAN,rap,5323450,TM,38.969719,59.556278
UGANDA,rock,33060876,UG,1.373333,32.290275
UGANDA,rap,31949976,UG,1.373333,32.290275
UGANDA,electronic,21646515,UG,1.373333,32.290275
UGANDA,alternative,17303803,UG,1.373333,32.290275
UGANDA,pop,15631652,UG,1.373333,32.290275
UKRAINE,rock,75085890,UA,48.379433,31.16558
UKRAINE,alternative,29188001,UA,48.379433,31.16558
UKRAINE,pop,20702948,UA,48.379433,31.16558
UKRAINE,electronic,16883462,UA,48.379433,31.16558
UKRAINE,blues,6579549,UA,48.379433,31.16558
UNITED ARAB EMIRATES,rock,40130138,AE,23.424076,53.847818
UNITED ARAB EMIRATES,alternative,27006180,AE,23.424076,53.847818
UNITED ARAB EMIRATES,pop,26310532,AE,23.424076,53.847818
UNITED ARAB EMIRATES,electronic,22562067,AE,23.424076,53.847818
UNITED ARAB EMIRATES,rap,21133712,AE,23.424076,53.847818
UNITED KINGDOM,rock,72645488,GB,55.378051,-3.435973
UNITED KINGDOM,pop,26145260,GB,55.378051,-3.435973
UNITED KINGDOM,alternative,23995261,GB,55.378051,-3.435973
UNITED KINGDOM,electronic,11945711,GB,55.378051,-3.435973
UNITED KINGDOM,rap,9954863,GB,55.378051,-3.435973
UNITED STATES,rock,60413230,US,37.09024,-95.712891
UNITED STATES,pop,23956236,US,37.09024,-95.712891
UNITED STATES,alternative,20344457,US,37.09024,-95.712891
UNITED STATES,rap,17237290,US,37.09024,-95.712891
UNITED STATES,electronic,12909319,US,37.09024,-95.712891
URUGUAY,rock,61428883,UY,-32.522779,-55.765835
URUGUAY,alternative,37044756,UY,-32.522779,-55.765835
URUGUAY,pop,21607408,UY,-32.522779,-55.765835
URUGUAY,electronic,17304936,UY,-32.522779,-55.765835
URUGUAY,blues,6579549,UY,-32.522779,-55.765835
UZBEKISTAN,rock,72776004,UZ,41.377491,64.585262
UZBEKISTAN,alternative,35962542,UZ,41.377491,64.585262
UZBEKISTAN,pop,24033569,UZ,41.377491,64.585262
UZBEKISTAN,electronic,16883462,UZ,41.377491,64.585262
UZBEKISTAN,rap,5057256,UZ,41.377491,64.585262
VANUATU,rock,29214484,VU,-15.376706,166.959158
VANUATU,alternative,23337347,VU,-15.376706,166.959158
VANUATU,electronic,20802255,VU,-15.376706,166.959158
VANUATU,pop,12150028,VU,-15.376706,166.959158
VANUATU,rap,7706536,VU,-15.376706,166.959158
YEMEN,pop,31292608,YE,15.552727,48.516388
YEMEN,rock,29979597,YE,15.552727,48.516388
YEMEN,rap,28277527,YE,15.552727,48.516388
YEMEN,electronic,11678284,YE,15.552727,48.516388
YEMEN,alternative,11039857,YE,15.552727,48.516388
ZAMBIA,rock,40213984,ZM,-13.133897,27.849332
ZAMBIA,rap,20516997,ZM,-13.133897,27.849332
ZAMBIA,pop,19888250,ZM,-13.133897,27.849332
ZAMBIA,folk,11468629,ZM,-13.133897,27.849332
ZAMBIA,r&b,8678990,ZM,-13.133897,27.849332
ZIMBABWE,rock,60324479,ZW,-19.015438,29.154857
ZIMBABWE,pop,23451486,ZW,-19.015438,29.154857
ZIMBABWE,alternative,16529486,ZW,-19.015438,29.154857
ZIMBABWE,rap,16355404,ZW,-19.015438,29.154857
ZIMBABWE,electronic,15778958,ZW,-19.015438,29.154857
